CREATE DATABASE  IF NOT EXISTS `pdfdb` /*!40100 DEFAULT CHARACTER SET utf8mb4 COLLATE utf8mb4_0900_ai_ci */ /*!80016 DEFAULT ENCRYPTION='N' */;
USE `pdfdb`;
-- MySQL dump 10.13  Distrib 8.0.34, for Win64 (x86_64)
--
-- Host: localhost    Database: pdfdb
-- ------------------------------------------------------
-- Server version	8.2.0

/*!40101 SET @OLD_CHARACTER_SET_CLIENT=@@CHARACTER_SET_CLIENT */;
/*!40101 SET @OLD_CHARACTER_SET_RESULTS=@@CHARACTER_SET_RESULTS */;
/*!40101 SET @OLD_COLLATION_CONNECTION=@@COLLATION_CONNECTION */;
/*!50503 SET NAMES utf8 */;
/*!40103 SET @OLD_TIME_ZONE=@@TIME_ZONE */;
/*!40103 SET TIME_ZONE='+00:00' */;
/*!40014 SET @OLD_UNIQUE_CHECKS=@@UNIQUE_CHECKS, UNIQUE_CHECKS=0 */;
/*!40014 SET @OLD_FOREIGN_KEY_CHECKS=@@FOREIGN_KEY_CHECKS, FOREIGN_KEY_CHECKS=0 */;
/*!40101 SET @OLD_SQL_MODE=@@SQL_MODE, SQL_MODE='NO_AUTO_VALUE_ON_ZERO' */;
/*!40111 SET @OLD_SQL_NOTES=@@SQL_NOTES, SQL_NOTES=0 */;

--
-- Table structure for table `document_format`
--

DROP TABLE IF EXISTS `document_format`;
/*!40101 SET @saved_cs_client     = @@character_set_client */;
/*!50503 SET character_set_client = utf8mb4 */;
CREATE TABLE `document_format` (
  `id` int NOT NULL AUTO_INCREMENT,
  `formatName` varchar(5) NOT NULL,
  PRIMARY KEY (`id`)
) ENGINE=InnoDB AUTO_INCREMENT=3 DEFAULT CHARSET=utf8mb4 COLLATE=utf8mb4_0900_ai_ci;
/*!40101 SET character_set_client = @saved_cs_client */;

--
-- Dumping data for table `document_format`
--

LOCK TABLES `document_format` WRITE;
/*!40000 ALTER TABLE `document_format` DISABLE KEYS */;
INSERT INTO `document_format` VALUES (1,'HTML'),(2,'JSON');
/*!40000 ALTER TABLE `document_format` ENABLE KEYS */;
UNLOCK TABLES;

--
-- Table structure for table `migrations`
--

DROP TABLE IF EXISTS `migrations`;
/*!40101 SET @saved_cs_client     = @@character_set_client */;
/*!50503 SET character_set_client = utf8mb4 */;
CREATE TABLE `migrations` (
  `id` int NOT NULL AUTO_INCREMENT,
  `timestamp` bigint NOT NULL,
  `name` varchar(255) NOT NULL,
  PRIMARY KEY (`id`)
) ENGINE=InnoDB AUTO_INCREMENT=5 DEFAULT CHARSET=utf8mb4 COLLATE=utf8mb4_0900_ai_ci;
/*!40101 SET character_set_client = @saved_cs_client */;

--
-- Dumping data for table `migrations`
--

LOCK TABLES `migrations` WRITE;
/*!40000 ALTER TABLE `migrations` DISABLE KEYS */;
INSERT INTO `migrations` VALUES (1,1722535779083,' $npmConfigName1722535779083'),(3,1722542367211,' $npmConfigName1722542367211'),(4,1722543927041,' $npmConfigName1722543927041');
/*!40000 ALTER TABLE `migrations` ENABLE KEYS */;
UNLOCK TABLES;

--
-- Table structure for table `report`
--

DROP TABLE IF EXISTS `report`;
/*!40101 SET @saved_cs_client     = @@character_set_client */;
/*!50503 SET character_set_client = utf8mb4 */;
CREATE TABLE `report` (
  `id` int NOT NULL AUTO_INCREMENT,
  `format_id` int DEFAULT NULL,
  `content` text NOT NULL,
  PRIMARY KEY (`id`),
  KEY `FK_69b1cc64343a59d5c834a8709c8` (`format_id`),
  CONSTRAINT `FK_69b1cc64343a59d5c834a8709c8` FOREIGN KEY (`format_id`) REFERENCES `document_format` (`id`)
) ENGINE=InnoDB AUTO_INCREMENT=64 DEFAULT CHARSET=utf8mb4 COLLATE=utf8mb4_0900_ai_ci;
/*!40101 SET character_set_client = @saved_cs_client */;

--
-- Dumping data for table `report`
--

LOCK TABLES `report` WRITE;
/*!40000 ALTER TABLE `report` DISABLE KEYS */;
INSERT INTO `report` VALUES (25,2,'{\"pageMargins\":[61,31,61,80],\"header\":{\"text\":\"Referencia: 1722533311536\",\"alignment\":\"right\",\"margin\":[4,4],\"font\":\"Arial\",\"fontSize\":10},\"content\":[{\"columns\":[{\"image\":\"public/images/logo_honduras_emprende_solidaria.jpg\",\"width\":118,\"height\":48,\"opacity\":0.55,\"alignment\":\"left\"},{\"width\":\"*\",\"text\":\"\"},{\"columns\":[{\"width\":\"*\",\"text\":\"\"},{\"image\":\"public/images/gob_logo.png\",\"width\":48,\"height\":43,\"marginRight\":2},{\"image\":\"public/images/logo_senprende.jpg\",\"width\":87,\"height\":42,\"opacity\":0.55}],\"alignment\":\"right\"}]},{\"text\":\"SERVICIO NACIONAL DE EMPRENDIMIENTO Y DE PEQUEÑOS NEGOCIOS\",\"bold\":true,\"fontSize\":14,\"alignment\":\"center\",\"margin\":[0,48,0,26]},{\"text\":\"SENPRENDE \\nSUBDIRECCIÓN DE FORMALIZACIÓN\\nINFORME DE DENOMINACIÓN\",\"bold\":true,\"fontSize\":12,\"alignment\":\"center\"},{\"text\":[\"La Sub Dirección de Formalización, INFORMA: Que, en los libros de registro de las empresas y organizaciones del Sector Social de la Economía, NO SE ENCUENTRA REGISTRADA la \",{\"text\":\"“ASOCIACIÓN GUANGOLOLO STORE”\",\"bold\":true},\"con domicilio en EL CASERIO HACDA. ALTAMIRA, ALDEA BIJAGUAL, MUNICIPIO DE JUTICALPA, DEPARTAMENTO DE OLANCHO, cuya actividad principal y única será PRODUCCIÓN, INDUSTRIALIZACIÓN, TRANSFORMACIÓN Y COMERCIALIZACIÓN DE UN PRODUCTO O MATERIA PRIMA. en virtud de lo anterior es procedente continuar el trámite de la personeria jurídica bajo dicha denominación, conforme a lo establecido en el Artículo 72 de la Ley de Procedimiento Administrativo y Artículo 8 del Reglamento de la Ley del Sector Social de la Economía. Dicha Constancia tendrá vigencia por un período de sesenta días a partir de la fecha.\",{\"text\":[\"\\n\\nDado en la ciudad de Tegucigalpa M.D.C, 24/07/2024.\"],\"marginTop\":15}],\"marginTop\":20,\"lineHeight\":1,\"alignment\":\"justify\"},{\"canvas\":[{\"type\":\"line\",\"x1\":0,\"y1\":0,\"x2\":280,\"y2\":0,\"lineWidth\":0.8}],\"alignment\":\"center\",\"marginTop\":130},{\"text\":\"LIC. ROSA ANGELICA FAJARDO BONILLA\\nSUBDIRECTORA DE FORMALIZACION\",\"marginTop\":15,\"alignment\":\"center\"},{\"image\":\"public/images/firma.png\",\"width\":170,\"alignment\":\"center\",\"opacity\":0.9,\"absolutePosition\":{\"x\":85,\"y\":475}},{\"stack\":[{\"qr\":\"https://devsse.senprende.hn/\",\"fit\":97,\"alignment\":\"center\",\"marginTop\":68},{\"text\":\"*Escanea el documento para verificar su validez*\",\"alignment\":\"center\",\"fontSize\":10,\"marginTop\":10}]}],\"footer\":{\"stack\":[{\"image\":\"public/images/footer_logos.jpg\",\"alignment\":\"center\",\"width\":450,\"opacity\":0.5,\"margin\":[0,0]},{\"text\":\"Boulevard Juan Pablo II, Centro Cívico Gubernamental, Torre 2, Niveles Nº 12 y Nº 21 Tegucigalpa. \\nUPEG.R.01 | Revisión 10 | julio del 2024\",\"alignment\":\"center\",\"lineHeight\":1.1,\"fontSize\":9,\"color\":\"gray\",\"bold\":true,\"marginTop\":5}]},\"defaultStyle\":{\"font\":\"Arial\"},\"pageSize\":\"LEGAL\",\"background\":[{\"image\":\"public/images/water_mark_blank_new.jpg\",\"width\":612,\"height\":1008.126}]}'),(35,2,'{\"pageMargins\":[61,31,61,80],\"header\":{\"text\":\"Referencia: 1722544063139\",\"alignment\":\"right\",\"margin\":[4,4],\"font\":\"Arial\",\"fontSize\":10},\"content\":[{\"columns\":[{\"image\":\"public/images/logo_honduras_emprende_solidaria.jpg\",\"width\":118,\"height\":48,\"opacity\":0.55,\"alignment\":\"left\"},{\"width\":\"*\",\"text\":\"\"},{\"columns\":[{\"width\":\"*\",\"text\":\"\"},{\"image\":\"public/images/gob_logo.png\",\"width\":48,\"height\":43,\"marginRight\":2},{\"image\":\"public/images/logo_senprende.jpg\",\"width\":87,\"height\":42,\"opacity\":0.55}],\"alignment\":\"right\"}]},{\"text\":\"SERVICIO NACIONAL DE EMPRENDIMIENTO Y DE PEQUEÑOS NEGOCIOS\",\"bold\":true,\"fontSize\":14,\"alignment\":\"center\",\"margin\":[0,48,0,26]},{\"text\":\"SENPRENDE \\nSUBDIRECCIÓN DE FORMALIZACIÓN\\nINFORME DE DENOMINACIÓN\",\"bold\":true,\"fontSize\":12,\"alignment\":\"center\"},{\"text\":[\"La Sub Dirección de Formalización, INFORMA: Que, en los libros de registro de las empresas y organizaciones del Sector Social de la Economía, NO SE ENCUENTRA REGISTRADA la \",{\"text\":\"“ASOCIACIÓN GUANGOLOLO STORE”\",\"bold\":true},\"con domicilio en EL CASERIO HACDA. ALTAMIRA, ALDEA BIJAGUAL, MUNICIPIO DE JUTICALPA, DEPARTAMENTO DE OLANCHO, cuya actividad principal y única será PRODUCCIÓN, INDUSTRIALIZACIÓN, TRANSFORMACIÓN Y COMERCIALIZACIÓN DE UN PRODUCTO O MATERIA PRIMA. en virtud de lo anterior es procedente continuar el trámite de la personeria jurídica bajo dicha denominación, conforme a lo establecido en el Artículo 72 de la Ley de Procedimiento Administrativo y Artículo 8 del Reglamento de la Ley del Sector Social de la Economía. Dicha Constancia tendrá vigencia por un período de sesenta días a partir de la fecha.\",{\"text\":[\"\\n\\nDado en la ciudad de Tegucigalpa M.D.C, 24/07/2024.\"],\"marginTop\":15}],\"marginTop\":20,\"lineHeight\":1,\"alignment\":\"justify\"},{\"canvas\":[{\"type\":\"line\",\"x1\":0,\"y1\":0,\"x2\":280,\"y2\":0,\"lineWidth\":0.8}],\"alignment\":\"center\",\"marginTop\":130},{\"text\":\"LIC. ROSA ANGELICA FAJARDO BONILLA\\nSUBDIRECTORA DE FORMALIZACION\",\"marginTop\":15,\"alignment\":\"center\"},{\"image\":\"public/images/firma.png\",\"width\":170,\"alignment\":\"center\",\"opacity\":0.9,\"absolutePosition\":{\"x\":85,\"y\":475}},{\"stack\":[{\"qr\":\"https://devsse.senprende.hn/\",\"fit\":97,\"alignment\":\"center\",\"marginTop\":68},{\"text\":\"*Escanea el documento para verificar su validez*\",\"alignment\":\"center\",\"fontSize\":10,\"marginTop\":10}]}],\"footer\":{\"stack\":[{\"image\":\"public/images/footer_logos.jpg\",\"alignment\":\"center\",\"width\":450,\"opacity\":0.5,\"margin\":[0,0]},{\"text\":\"Boulevard Juan Pablo II, Centro Cívico Gubernamental, Torre 2, Niveles Nº 12 y Nº 21 Tegucigalpa. \\nUPEG.R.01 | Revisión 10 | julio del 2024\",\"alignment\":\"center\",\"lineHeight\":1.1,\"fontSize\":9,\"color\":\"gray\",\"bold\":true,\"marginTop\":5}]},\"defaultStyle\":{\"font\":\"Arial\"},\"pageSize\":\"LEGAL\",\"background\":[{\"image\":\"public/images/water_mark_blank_new.jpg\",\"width\":612,\"height\":1008.126}]}'),(36,2,'{\"pageMargins\":[61,31,61,80],\"header\":{\"text\":\"Referencia: 1722544072835\",\"alignment\":\"right\",\"margin\":[4,4],\"font\":\"Arial\",\"fontSize\":10},\"content\":[{\"columns\":[{\"image\":\"public/images/logo_honduras_emprende_solidaria.jpg\",\"width\":118,\"height\":48,\"opacity\":0.55,\"alignment\":\"left\"},{\"width\":\"*\",\"text\":\"\"},{\"columns\":[{\"width\":\"*\",\"text\":\"\"},{\"image\":\"public/images/gob_logo.png\",\"width\":48,\"height\":43,\"marginRight\":2},{\"image\":\"public/images/logo_senprende.jpg\",\"width\":87,\"height\":42,\"opacity\":0.55}],\"alignment\":\"right\"}]},{\"text\":\"SERVICIO NACIONAL DE EMPRENDIMIENTO Y DE PEQUEÑOS NEGOCIOS\",\"bold\":true,\"fontSize\":14,\"alignment\":\"center\",\"margin\":[0,48,0,26]},{\"text\":\"SENPRENDE \\nSUBDIRECCIÓN DE FORMALIZACIÓN\\nINFORME DE DENOMINACIÓN\",\"bold\":true,\"fontSize\":12,\"alignment\":\"center\"},{\"text\":[\"La Sub Dirección de Formalización, INFORMA: Que, en los libros de registro de las empresas y organizaciones del Sector Social de la Economía, NO SE ENCUENTRA REGISTRADA la \",{\"text\":\"“ASOCIACIÓN GUANGOLOLO STORE”\",\"bold\":true},\"con domicilio en EL CASERIO HACDA. ALTAMIRA, ALDEA BIJAGUAL, MUNICIPIO DE JUTICALPA, DEPARTAMENTO DE OLANCHO, cuya actividad principal y única será PRODUCCIÓN, INDUSTRIALIZACIÓN, TRANSFORMACIÓN Y COMERCIALIZACIÓN DE UN PRODUCTO O MATERIA PRIMA. en virtud de lo anterior es procedente continuar el trámite de la personeria jurídica bajo dicha denominación, conforme a lo establecido en el Artículo 72 de la Ley de Procedimiento Administrativo y Artículo 8 del Reglamento de la Ley del Sector Social de la Economía. Dicha Constancia tendrá vigencia por un período de sesenta días a partir de la fecha.\",{\"text\":[\"\\n\\nDado en la ciudad de Tegucigalpa M.D.C, 24/07/2024.\"],\"marginTop\":15}],\"marginTop\":20,\"lineHeight\":1,\"alignment\":\"justify\"},{\"canvas\":[{\"type\":\"line\",\"x1\":0,\"y1\":0,\"x2\":280,\"y2\":0,\"lineWidth\":0.8}],\"alignment\":\"center\",\"marginTop\":130},{\"text\":\"LIC. ROSA ANGELICA FAJARDO BONILLA\\nSUBDIRECTORA DE FORMALIZACION\",\"marginTop\":15,\"alignment\":\"center\"},{\"image\":\"public/images/firma.png\",\"width\":170,\"alignment\":\"center\",\"opacity\":0.9,\"absolutePosition\":{\"x\":85,\"y\":475}},{\"stack\":[{\"qr\":\"https://devsse.senprende.hn/\",\"fit\":97,\"alignment\":\"center\",\"marginTop\":68},{\"text\":\"*Escanea el documento para verificar su validez*\",\"alignment\":\"center\",\"fontSize\":10,\"marginTop\":10}]}],\"footer\":{\"stack\":[{\"image\":\"public/images/footer_logos.jpg\",\"alignment\":\"center\",\"width\":450,\"opacity\":0.5,\"margin\":[0,0]},{\"text\":\"Boulevard Juan Pablo II, Centro Cívico Gubernamental, Torre 2, Niveles Nº 12 y Nº 21 Tegucigalpa. \\nUPEG.R.01 | Revisión 10 | julio del 2024\",\"alignment\":\"center\",\"lineHeight\":1.1,\"fontSize\":9,\"color\":\"gray\",\"bold\":true,\"marginTop\":5}]},\"defaultStyle\":{\"font\":\"Arial\"},\"pageSize\":\"LEGAL\",\"background\":[{\"image\":\"public/images/water_mark_blank_new.jpg\",\"width\":612,\"height\":1008.126}]}'),(37,2,'{\"pageMargins\":[61,31,61,80],\"header\":{\"text\":\"Referencia: 1722544079967\",\"alignment\":\"right\",\"margin\":[4,4],\"font\":\"Arial\",\"fontSize\":10},\"content\":[{\"columns\":[{\"image\":\"public/images/logo_honduras_emprende_solidaria.jpg\",\"width\":118,\"height\":48,\"opacity\":0.55,\"alignment\":\"left\"},{\"width\":\"*\",\"text\":\"\"},{\"columns\":[{\"width\":\"*\",\"text\":\"\"},{\"image\":\"public/images/gob_logo.png\",\"width\":48,\"height\":43,\"marginRight\":2},{\"image\":\"public/images/logo_senprende.jpg\",\"width\":87,\"height\":42,\"opacity\":0.55}],\"alignment\":\"right\"}]},{\"text\":\"SERVICIO NACIONAL DE EMPRENDIMIENTO Y DE PEQUEÑOS NEGOCIOS\",\"bold\":true,\"fontSize\":14,\"alignment\":\"center\",\"margin\":[0,48,0,26]},{\"text\":\"SENPRENDE \\nSUBDIRECCIÓN DE FORMALIZACIÓN\\nINFORME DE DENOMINACIÓN\",\"bold\":true,\"fontSize\":12,\"alignment\":\"center\"},{\"text\":[\"La Sub Dirección de Formalización, INFORMA: Que, en los libros de registro de las empresas y organizaciones del Sector Social de la Economía, NO SE ENCUENTRA REGISTRADA la \",{\"text\":\"“ASOCIACIÓN GUANGOLOLO STORE”\",\"bold\":true},\"con domicilio en EL CASERIO HACDA. ALTAMIRA, ALDEA BIJAGUAL, MUNICIPIO DE JUTICALPA, DEPARTAMENTO DE OLANCHO, cuya actividad principal y única será PRODUCCIÓN, INDUSTRIALIZACIÓN, TRANSFORMACIÓN Y COMERCIALIZACIÓN DE UN PRODUCTO O MATERIA PRIMA. en virtud de lo anterior es procedente continuar el trámite de la personeria jurídica bajo dicha denominación, conforme a lo establecido en el Artículo 72 de la Ley de Procedimiento Administrativo y Artículo 8 del Reglamento de la Ley del Sector Social de la Economía. Dicha Constancia tendrá vigencia por un período de sesenta días a partir de la fecha.\",{\"text\":[\"\\n\\nDado en la ciudad de Tegucigalpa M.D.C, 24/07/2024.\"],\"marginTop\":15}],\"marginTop\":20,\"lineHeight\":1,\"alignment\":\"justify\"},{\"canvas\":[{\"type\":\"line\",\"x1\":0,\"y1\":0,\"x2\":280,\"y2\":0,\"lineWidth\":0.8}],\"alignment\":\"center\",\"marginTop\":130},{\"text\":\"LIC. ROSA ANGELICA FAJARDO BONILLA\\nSUBDIRECTORA DE FORMALIZACION\",\"marginTop\":15,\"alignment\":\"center\"},{\"image\":\"public/images/firma.png\",\"width\":170,\"alignment\":\"center\",\"opacity\":0.9,\"absolutePosition\":{\"x\":85,\"y\":475}},{\"stack\":[{\"qr\":\"https://devsse.senprende.hn/\",\"fit\":97,\"alignment\":\"center\",\"marginTop\":68},{\"text\":\"*Escanea el documento para verificar su validez*\",\"alignment\":\"center\",\"fontSize\":10,\"marginTop\":10}]}],\"footer\":{\"stack\":[{\"image\":\"public/images/footer_logos.jpg\",\"alignment\":\"center\",\"width\":450,\"opacity\":0.5,\"margin\":[0,0]},{\"text\":\"Boulevard Juan Pablo II, Centro Cívico Gubernamental, Torre 2, Niveles Nº 12 y Nº 21 Tegucigalpa. \\nUPEG.R.01 | Revisión 10 | julio del 2024\",\"alignment\":\"center\",\"lineHeight\":1.1,\"fontSize\":9,\"color\":\"gray\",\"bold\":true,\"marginTop\":5}]},\"defaultStyle\":{\"font\":\"Arial\"},\"pageSize\":\"LEGAL\",\"background\":[{\"image\":\"public/images/water_mark_blank_new.jpg\",\"width\":612,\"height\":1008.126}]}'),(38,2,'{\"pageMargins\":[61,31,61,80],\"header\":{\"text\":\"Referencia: 1722544082551\",\"alignment\":\"right\",\"margin\":[4,4],\"font\":\"Arial\",\"fontSize\":10},\"content\":[{\"columns\":[{\"image\":\"public/images/logo_honduras_emprende_solidaria.jpg\",\"width\":118,\"height\":48,\"opacity\":0.55,\"alignment\":\"left\"},{\"width\":\"*\",\"text\":\"\"},{\"columns\":[{\"width\":\"*\",\"text\":\"\"},{\"image\":\"public/images/gob_logo.png\",\"width\":48,\"height\":43,\"marginRight\":2},{\"image\":\"public/images/logo_senprende.jpg\",\"width\":87,\"height\":42,\"opacity\":0.55}],\"alignment\":\"right\"}]},{\"text\":\"SERVICIO NACIONAL DE EMPRENDIMIENTO Y DE PEQUEÑOS NEGOCIOS\",\"bold\":true,\"fontSize\":14,\"alignment\":\"center\",\"margin\":[0,48,0,26]},{\"text\":\"SENPRENDE \\nSUBDIRECCIÓN DE FORMALIZACIÓN\\nINFORME DE DENOMINACIÓN\",\"bold\":true,\"fontSize\":12,\"alignment\":\"center\"},{\"text\":[\"La Sub Dirección de Formalización, INFORMA: Que, en los libros de registro de las empresas y organizaciones del Sector Social de la Economía, NO SE ENCUENTRA REGISTRADA la \",{\"text\":\"“ASOCIACIÓN GUANGOLOLO STORE”\",\"bold\":true},\"con domicilio en EL CASERIO HACDA. ALTAMIRA, ALDEA BIJAGUAL, MUNICIPIO DE JUTICALPA, DEPARTAMENTO DE OLANCHO, cuya actividad principal y única será PRODUCCIÓN, INDUSTRIALIZACIÓN, TRANSFORMACIÓN Y COMERCIALIZACIÓN DE UN PRODUCTO O MATERIA PRIMA. en virtud de lo anterior es procedente continuar el trámite de la personeria jurídica bajo dicha denominación, conforme a lo establecido en el Artículo 72 de la Ley de Procedimiento Administrativo y Artículo 8 del Reglamento de la Ley del Sector Social de la Economía. Dicha Constancia tendrá vigencia por un período de sesenta días a partir de la fecha.\",{\"text\":[\"\\n\\nDado en la ciudad de Tegucigalpa M.D.C, 24/07/2024.\"],\"marginTop\":15}],\"marginTop\":20,\"lineHeight\":1,\"alignment\":\"justify\"},{\"canvas\":[{\"type\":\"line\",\"x1\":0,\"y1\":0,\"x2\":280,\"y2\":0,\"lineWidth\":0.8}],\"alignment\":\"center\",\"marginTop\":130},{\"text\":\"LIC. ROSA ANGELICA FAJARDO BONILLA\\nSUBDIRECTORA DE FORMALIZACION\",\"marginTop\":15,\"alignment\":\"center\"},{\"image\":\"public/images/firma.png\",\"width\":170,\"alignment\":\"center\",\"opacity\":0.9,\"absolutePosition\":{\"x\":85,\"y\":475}},{\"stack\":[{\"qr\":\"https://devsse.senprende.hn/\",\"fit\":97,\"alignment\":\"center\",\"marginTop\":68},{\"text\":\"*Escanea el documento para verificar su validez*\",\"alignment\":\"center\",\"fontSize\":10,\"marginTop\":10}]}],\"footer\":{\"stack\":[{\"image\":\"public/images/footer_logos.jpg\",\"alignment\":\"center\",\"width\":450,\"opacity\":0.5,\"margin\":[0,0]},{\"text\":\"Boulevard Juan Pablo II, Centro Cívico Gubernamental, Torre 2, Niveles Nº 12 y Nº 21 Tegucigalpa. \\nUPEG.R.01 | Revisión 10 | julio del 2024\",\"alignment\":\"center\",\"lineHeight\":1.1,\"fontSize\":9,\"color\":\"gray\",\"bold\":true,\"marginTop\":5}]},\"defaultStyle\":{\"font\":\"Arial\"},\"pageSize\":\"LEGAL\",\"background\":[{\"image\":\"public/images/water_mark_blank_new.jpg\",\"width\":612,\"height\":1008.126}]}'),(39,2,'{\"pageMargins\":[61,31,61,80],\"header\":{\"text\":\"Referencia: 1722544085032\",\"alignment\":\"right\",\"margin\":[4,4],\"font\":\"Arial\",\"fontSize\":10},\"content\":[{\"columns\":[{\"image\":\"public/images/logo_honduras_emprende_solidaria.jpg\",\"width\":118,\"height\":48,\"opacity\":0.55,\"alignment\":\"left\"},{\"width\":\"*\",\"text\":\"\"},{\"columns\":[{\"width\":\"*\",\"text\":\"\"},{\"image\":\"public/images/gob_logo.png\",\"width\":48,\"height\":43,\"marginRight\":2},{\"image\":\"public/images/logo_senprende.jpg\",\"width\":87,\"height\":42,\"opacity\":0.55}],\"alignment\":\"right\"}]},{\"text\":\"SERVICIO NACIONAL DE EMPRENDIMIENTO Y DE PEQUEÑOS NEGOCIOS\",\"bold\":true,\"fontSize\":14,\"alignment\":\"center\",\"margin\":[0,48,0,26]},{\"text\":\"SENPRENDE \\nSUBDIRECCIÓN DE FORMALIZACIÓN\\nINFORME DE DENOMINACIÓN\",\"bold\":true,\"fontSize\":12,\"alignment\":\"center\"},{\"text\":[\"La Sub Dirección de Formalización, INFORMA: Que, en los libros de registro de las empresas y organizaciones del Sector Social de la Economía, NO SE ENCUENTRA REGISTRADA la \",{\"text\":\"“ASOCIACIÓN GUANGOLOLO STORE”\",\"bold\":true},\"con domicilio en EL CASERIO HACDA. ALTAMIRA, ALDEA BIJAGUAL, MUNICIPIO DE JUTICALPA, DEPARTAMENTO DE OLANCHO, cuya actividad principal y única será PRODUCCIÓN, INDUSTRIALIZACIÓN, TRANSFORMACIÓN Y COMERCIALIZACIÓN DE UN PRODUCTO O MATERIA PRIMA. en virtud de lo anterior es procedente continuar el trámite de la personeria jurídica bajo dicha denominación, conforme a lo establecido en el Artículo 72 de la Ley de Procedimiento Administrativo y Artículo 8 del Reglamento de la Ley del Sector Social de la Economía. Dicha Constancia tendrá vigencia por un período de sesenta días a partir de la fecha.\",{\"text\":[\"\\n\\nDado en la ciudad de Tegucigalpa M.D.C, 24/07/2024.\"],\"marginTop\":15}],\"marginTop\":20,\"lineHeight\":1,\"alignment\":\"justify\"},{\"canvas\":[{\"type\":\"line\",\"x1\":0,\"y1\":0,\"x2\":280,\"y2\":0,\"lineWidth\":0.8}],\"alignment\":\"center\",\"marginTop\":130},{\"text\":\"LIC. ROSA ANGELICA FAJARDO BONILLA\\nSUBDIRECTORA DE FORMALIZACION\",\"marginTop\":15,\"alignment\":\"center\"},{\"image\":\"public/images/firma.png\",\"width\":170,\"alignment\":\"center\",\"opacity\":0.9,\"absolutePosition\":{\"x\":85,\"y\":475}},{\"stack\":[{\"qr\":\"https://devsse.senprende.hn/\",\"fit\":97,\"alignment\":\"center\",\"marginTop\":68},{\"text\":\"*Escanea el documento para verificar su validez*\",\"alignment\":\"center\",\"fontSize\":10,\"marginTop\":10}]}],\"footer\":{\"stack\":[{\"image\":\"public/images/footer_logos.jpg\",\"alignment\":\"center\",\"width\":450,\"opacity\":0.5,\"margin\":[0,0]},{\"text\":\"Boulevard Juan Pablo II, Centro Cívico Gubernamental, Torre 2, Niveles Nº 12 y Nº 21 Tegucigalpa. \\nUPEG.R.01 | Revisión 10 | julio del 2024\",\"alignment\":\"center\",\"lineHeight\":1.1,\"fontSize\":9,\"color\":\"gray\",\"bold\":true,\"marginTop\":5}]},\"defaultStyle\":{\"font\":\"Arial\"},\"pageSize\":\"LEGAL\",\"background\":[{\"image\":\"public/images/water_mark_blank_new.jpg\",\"width\":612,\"height\":1008.126}]}'),(40,2,'{\"pageMargins\":[61,31,61,80],\"header\":{\"text\":\"Referencia: 1722547065607\",\"alignment\":\"right\",\"margin\":[4,4],\"font\":\"Arial\",\"fontSize\":10},\"content\":[{\"columns\":[{\"image\":\"public/images/logo_honduras_emprende_solidaria.jpg\",\"width\":118,\"height\":48,\"opacity\":0.55,\"alignment\":\"left\"},{\"width\":\"*\",\"text\":\"\"},{\"columns\":[{\"width\":\"*\",\"text\":\"\"},{\"image\":\"public/images/gob_logo.png\",\"width\":48,\"height\":43,\"marginRight\":2},{\"image\":\"public/images/logo_senprende.jpg\",\"width\":87,\"height\":42,\"opacity\":0.55}],\"alignment\":\"right\"}]},{\"text\":\"SERVICIO NACIONAL DE EMPRENDIMIENTO Y DE PEQUEÑOS NEGOCIOS\",\"bold\":true,\"fontSize\":14,\"alignment\":\"center\",\"margin\":[0,48,0,26]},{\"text\":\"SENPRENDE \\nSUBDIRECCIÓN DE FORMALIZACIÓN\\nINFORME DE DENOMINACIÓN\",\"bold\":true,\"fontSize\":12,\"alignment\":\"center\"},{\"text\":[\"La Sub Dirección de Formalización, INFORMA: Que, en los libros de registro de las empresas y organizaciones del Sector Social de la Economía, NO SE ENCUENTRA REGISTRADA la \",{\"text\":\"“ASOCIACIÓN GUANGOLOLO STORE”\",\"bold\":true},\"con domicilio en EL CASERIO HACDA. ALTAMIRA, ALDEA BIJAGUAL, MUNICIPIO DE JUTICALPA, DEPARTAMENTO DE OLANCHO, cuya actividad principal y única será PRODUCCIÓN, INDUSTRIALIZACIÓN, TRANSFORMACIÓN Y COMERCIALIZACIÓN DE UN PRODUCTO O MATERIA PRIMA. en virtud de lo anterior es procedente continuar el trámite de la personeria jurídica bajo dicha denominación, conforme a lo establecido en el Artículo 72 de la Ley de Procedimiento Administrativo y Artículo 8 del Reglamento de la Ley del Sector Social de la Economía. Dicha Constancia tendrá vigencia por un período de sesenta días a partir de la fecha.\",{\"text\":[\"\\n\\nDado en la ciudad de Tegucigalpa M.D.C, 24/07/2024.\"],\"marginTop\":15}],\"marginTop\":20,\"lineHeight\":1,\"alignment\":\"justify\"},{\"canvas\":[{\"type\":\"line\",\"x1\":0,\"y1\":0,\"x2\":280,\"y2\":0,\"lineWidth\":0.8}],\"alignment\":\"center\",\"marginTop\":130},{\"text\":\"LIC. ROSA ANGELICA FAJARDO BONILLA\\nSUBDIRECTORA DE FORMALIZACION\",\"marginTop\":15,\"alignment\":\"center\"},{\"image\":\"public/images/firma.png\",\"width\":170,\"alignment\":\"center\",\"opacity\":0.9,\"absolutePosition\":{\"x\":85,\"y\":475}},{\"stack\":[{\"qr\":\"https://devsse.senprende.hn/\",\"fit\":97,\"alignment\":\"center\",\"marginTop\":68},{\"text\":\"*Escanea el documento para verificar su validez*\",\"alignment\":\"center\",\"fontSize\":10,\"marginTop\":10}]}],\"footer\":{\"stack\":[{\"image\":\"public/images/footer_logos.jpg\",\"alignment\":\"center\",\"width\":450,\"opacity\":0.5,\"margin\":[0,0]},{\"text\":\"Boulevard Juan Pablo II, Centro Cívico Gubernamental, Torre 2, Niveles Nº 12 y Nº 21 Tegucigalpa. \\nUPEG.R.01 | Revisión 10 | julio del 2024\",\"alignment\":\"center\",\"lineHeight\":1.1,\"fontSize\":9,\"color\":\"gray\",\"bold\":true,\"marginTop\":5}]},\"defaultStyle\":{\"font\":\"Arial\"},\"pageSize\":\"LEGAL\",\"background\":[{\"image\":\"public/images/water_mark_blank_new.jpg\",\"width\":612,\"height\":1008.126}]}'),(41,2,'{\"pageMargins\":[61,31,61,80],\"header\":{\"stack\":[{\"text\":\"Referencia: 1722547439325\",\"alignment\":\"right\",\"margin\":[4,4],\"font\":\"Arial\",\"fontSize\":10},{\"columns\":[{\"image\":\"public/images/logo_honduras_emprende_solidaria.jpg\",\"width\":118,\"height\":48,\"opacity\":0.55,\"alignment\":\"left\"},{\"width\":\"*\",\"text\":\"\"},{\"columns\":[{\"width\":\"*\",\"text\":\"\"},{\"image\":\"public/images/gob_logo.png\",\"width\":48,\"height\":43,\"marginRight\":2},{\"image\":\"public/images/logo_senprende.jpg\",\"width\":87,\"height\":42,\"opacity\":0.55}],\"alignment\":\"right\"}]}]},\"content\":[{\"text\":\"SERVICIO NACIONAL DE EMPRENDIMIENTO Y DE PEQUEÑOS NEGOCIOS\",\"bold\":true,\"fontSize\":14,\"alignment\":\"center\",\"margin\":[0,48,0,26]},{\"text\":\"SENPRENDE \\nSUBDIRECCIÓN DE FORMALIZACIÓN\\nINFORME DE DENOMINACIÓN\",\"bold\":true,\"fontSize\":12,\"alignment\":\"center\"},{\"text\":[\"La Sub Dirección de Formalización, INFORMA: Que, en los libros de registro de las empresas y organizaciones del Sector Social de la Economía, NO SE ENCUENTRA REGISTRADA la \",{\"text\":\"“ASOCIACIÓN GUANGOLOLO STORE”\",\"bold\":true},\"con domicilio en EL CASERIO HACDA. ALTAMIRA, ALDEA BIJAGUAL, MUNICIPIO DE JUTICALPA, DEPARTAMENTO DE OLANCHO, cuya actividad principal y única será PRODUCCIÓN, INDUSTRIALIZACIÓN, TRANSFORMACIÓN Y COMERCIALIZACIÓN DE UN PRODUCTO O MATERIA PRIMA. en virtud de lo anterior es procedente continuar el trámite de la personeria jurídica bajo dicha denominación, conforme a lo establecido en el Artículo 72 de la Ley de Procedimiento Administrativo y Artículo 8 del Reglamento de la Ley del Sector Social de la Economía. Dicha Constancia tendrá vigencia por un período de sesenta días a partir de la fecha.\",{\"text\":[\"\\n\\nDado en la ciudad de Tegucigalpa M.D.C, 24/07/2024.\"],\"marginTop\":15}],\"marginTop\":20,\"lineHeight\":1,\"alignment\":\"justify\"},{\"canvas\":[{\"type\":\"line\",\"x1\":0,\"y1\":0,\"x2\":280,\"y2\":0,\"lineWidth\":0.8}],\"alignment\":\"center\",\"marginTop\":130},{\"text\":\"LIC. ROSA ANGELICA FAJARDO BONILLA\\nSUBDIRECTORA DE FORMALIZACION\",\"marginTop\":15,\"alignment\":\"center\"},{\"image\":\"public/images/firma.png\",\"width\":170,\"alignment\":\"center\",\"opacity\":0.9,\"absolutePosition\":{\"x\":85,\"y\":475}},{\"stack\":[{\"qr\":\"https://devsse.senprende.hn/\",\"fit\":97,\"alignment\":\"center\",\"marginTop\":68},{\"text\":\"*Escanea el documento para verificar su validez*\",\"alignment\":\"center\",\"fontSize\":10,\"marginTop\":10}]}],\"footer\":{\"stack\":[{\"image\":\"public/images/footer_logos.jpg\",\"alignment\":\"center\",\"width\":450,\"opacity\":0.5,\"margin\":[0,0]},{\"text\":\"Boulevard Juan Pablo II, Centro Cívico Gubernamental, Torre 2, Niveles Nº 12 y Nº 21 Tegucigalpa. \\nUPEG.R.01 | Revisión 10 | julio del 2024\",\"alignment\":\"center\",\"lineHeight\":1.1,\"fontSize\":9,\"color\":\"gray\",\"bold\":true,\"marginTop\":5}]},\"defaultStyle\":{\"font\":\"Arial\"},\"pageSize\":\"LEGAL\",\"background\":[{\"image\":\"public/images/water_mark_blank_new.jpg\",\"width\":612,\"height\":1008.126}]}'),(42,2,'{\"pageMargins\":[61,61,61,80],\"header\":{\"stack\":[{\"text\":\"Referencia: 1722547465571\",\"alignment\":\"right\",\"margin\":[4,4],\"font\":\"Arial\",\"fontSize\":10},{\"columns\":[{\"image\":\"public/images/logo_honduras_emprende_solidaria.jpg\",\"width\":118,\"height\":48,\"opacity\":0.55,\"alignment\":\"left\"},{\"width\":\"*\",\"text\":\"\"},{\"columns\":[{\"width\":\"*\",\"text\":\"\"},{\"image\":\"public/images/gob_logo.png\",\"width\":48,\"height\":43,\"marginRight\":2},{\"image\":\"public/images/logo_senprende.jpg\",\"width\":87,\"height\":42,\"opacity\":0.55}],\"alignment\":\"right\"}]}]},\"content\":[{\"text\":\"SERVICIO NACIONAL DE EMPRENDIMIENTO Y DE PEQUEÑOS NEGOCIOS\",\"bold\":true,\"fontSize\":14,\"alignment\":\"center\",\"margin\":[0,48,0,26]},{\"text\":\"SENPRENDE \\nSUBDIRECCIÓN DE FORMALIZACIÓN\\nINFORME DE DENOMINACIÓN\",\"bold\":true,\"fontSize\":12,\"alignment\":\"center\"},{\"text\":[\"La Sub Dirección de Formalización, INFORMA: Que, en los libros de registro de las empresas y organizaciones del Sector Social de la Economía, NO SE ENCUENTRA REGISTRADA la \",{\"text\":\"“ASOCIACIÓN GUANGOLOLO STORE”\",\"bold\":true},\"con domicilio en EL CASERIO HACDA. ALTAMIRA, ALDEA BIJAGUAL, MUNICIPIO DE JUTICALPA, DEPARTAMENTO DE OLANCHO, cuya actividad principal y única será PRODUCCIÓN, INDUSTRIALIZACIÓN, TRANSFORMACIÓN Y COMERCIALIZACIÓN DE UN PRODUCTO O MATERIA PRIMA. en virtud de lo anterior es procedente continuar el trámite de la personeria jurídica bajo dicha denominación, conforme a lo establecido en el Artículo 72 de la Ley de Procedimiento Administrativo y Artículo 8 del Reglamento de la Ley del Sector Social de la Economía. Dicha Constancia tendrá vigencia por un período de sesenta días a partir de la fecha.\",{\"text\":[\"\\n\\nDado en la ciudad de Tegucigalpa M.D.C, 24/07/2024.\"],\"marginTop\":15}],\"marginTop\":20,\"lineHeight\":1,\"alignment\":\"justify\"},{\"canvas\":[{\"type\":\"line\",\"x1\":0,\"y1\":0,\"x2\":280,\"y2\":0,\"lineWidth\":0.8}],\"alignment\":\"center\",\"marginTop\":130},{\"text\":\"LIC. ROSA ANGELICA FAJARDO BONILLA\\nSUBDIRECTORA DE FORMALIZACION\",\"marginTop\":15,\"alignment\":\"center\"},{\"image\":\"public/images/firma.png\",\"width\":170,\"alignment\":\"center\",\"opacity\":0.9,\"absolutePosition\":{\"x\":85,\"y\":475}},{\"stack\":[{\"qr\":\"https://devsse.senprende.hn/\",\"fit\":97,\"alignment\":\"center\",\"marginTop\":68},{\"text\":\"*Escanea el documento para verificar su validez*\",\"alignment\":\"center\",\"fontSize\":10,\"marginTop\":10}]}],\"footer\":{\"stack\":[{\"image\":\"public/images/footer_logos.jpg\",\"alignment\":\"center\",\"width\":450,\"opacity\":0.5,\"margin\":[0,0]},{\"text\":\"Boulevard Juan Pablo II, Centro Cívico Gubernamental, Torre 2, Niveles Nº 12 y Nº 21 Tegucigalpa. \\nUPEG.R.01 | Revisión 10 | julio del 2024\",\"alignment\":\"center\",\"lineHeight\":1.1,\"fontSize\":9,\"color\":\"gray\",\"bold\":true,\"marginTop\":5}]},\"defaultStyle\":{\"font\":\"Arial\"},\"pageSize\":\"LEGAL\",\"background\":[{\"image\":\"public/images/water_mark_blank_new.jpg\",\"width\":612,\"height\":1008.126}]}'),(43,2,'{\"pageMargins\":[61,90,61,80],\"header\":{\"stack\":[{\"text\":\"Referencia: 1722547486838\",\"alignment\":\"right\",\"margin\":[4,4],\"font\":\"Arial\",\"fontSize\":10},{\"columns\":[{\"image\":\"public/images/logo_honduras_emprende_solidaria.jpg\",\"width\":118,\"height\":48,\"opacity\":0.55,\"alignment\":\"left\"},{\"width\":\"*\",\"text\":\"\"},{\"columns\":[{\"width\":\"*\",\"text\":\"\"},{\"image\":\"public/images/gob_logo.png\",\"width\":48,\"height\":43,\"marginRight\":2},{\"image\":\"public/images/logo_senprende.jpg\",\"width\":87,\"height\":42,\"opacity\":0.55}],\"alignment\":\"right\"}]}]},\"content\":[{\"text\":\"SERVICIO NACIONAL DE EMPRENDIMIENTO Y DE PEQUEÑOS NEGOCIOS\",\"bold\":true,\"fontSize\":14,\"alignment\":\"center\",\"margin\":[0,48,0,26]},{\"text\":\"SENPRENDE \\nSUBDIRECCIÓN DE FORMALIZACIÓN\\nINFORME DE DENOMINACIÓN\",\"bold\":true,\"fontSize\":12,\"alignment\":\"center\"},{\"text\":[\"La Sub Dirección de Formalización, INFORMA: Que, en los libros de registro de las empresas y organizaciones del Sector Social de la Economía, NO SE ENCUENTRA REGISTRADA la \",{\"text\":\"“ASOCIACIÓN GUANGOLOLO STORE”\",\"bold\":true},\"con domicilio en EL CASERIO HACDA. ALTAMIRA, ALDEA BIJAGUAL, MUNICIPIO DE JUTICALPA, DEPARTAMENTO DE OLANCHO, cuya actividad principal y única será PRODUCCIÓN, INDUSTRIALIZACIÓN, TRANSFORMACIÓN Y COMERCIALIZACIÓN DE UN PRODUCTO O MATERIA PRIMA. en virtud de lo anterior es procedente continuar el trámite de la personeria jurídica bajo dicha denominación, conforme a lo establecido en el Artículo 72 de la Ley de Procedimiento Administrativo y Artículo 8 del Reglamento de la Ley del Sector Social de la Economía. Dicha Constancia tendrá vigencia por un período de sesenta días a partir de la fecha.\",{\"text\":[\"\\n\\nDado en la ciudad de Tegucigalpa M.D.C, 24/07/2024.\"],\"marginTop\":15}],\"marginTop\":20,\"lineHeight\":1,\"alignment\":\"justify\"},{\"canvas\":[{\"type\":\"line\",\"x1\":0,\"y1\":0,\"x2\":280,\"y2\":0,\"lineWidth\":0.8}],\"alignment\":\"center\",\"marginTop\":130},{\"text\":\"LIC. ROSA ANGELICA FAJARDO BONILLA\\nSUBDIRECTORA DE FORMALIZACION\",\"marginTop\":15,\"alignment\":\"center\"},{\"image\":\"public/images/firma.png\",\"width\":170,\"alignment\":\"center\",\"opacity\":0.9,\"absolutePosition\":{\"x\":85,\"y\":475}},{\"stack\":[{\"qr\":\"https://devsse.senprende.hn/\",\"fit\":97,\"alignment\":\"center\",\"marginTop\":68},{\"text\":\"*Escanea el documento para verificar su validez*\",\"alignment\":\"center\",\"fontSize\":10,\"marginTop\":10}]}],\"footer\":{\"stack\":[{\"image\":\"public/images/footer_logos.jpg\",\"alignment\":\"center\",\"width\":450,\"opacity\":0.5,\"margin\":[0,0]},{\"text\":\"Boulevard Juan Pablo II, Centro Cívico Gubernamental, Torre 2, Niveles Nº 12 y Nº 21 Tegucigalpa. \\nUPEG.R.01 | Revisión 10 | julio del 2024\",\"alignment\":\"center\",\"lineHeight\":1.1,\"fontSize\":9,\"color\":\"gray\",\"bold\":true,\"marginTop\":5}]},\"defaultStyle\":{\"font\":\"Arial\"},\"pageSize\":\"LEGAL\",\"background\":[{\"image\":\"public/images/water_mark_blank_new.jpg\",\"width\":612,\"height\":1008.126}]}'),(44,2,'{\"pageMargins\":[61,90,61,80],\"header\":{\"stack\":[{\"text\":\"Referencia: 1722547528674\",\"alignment\":\"right\",\"margin\":[4,4],\"font\":\"Arial\",\"fontSize\":10},{\"columns\":[{\"image\":\"public/images/logo_honduras_emprende_solidaria.jpg\",\"width\":118,\"height\":48,\"opacity\":0.55,\"alignment\":\"left\"},{\"width\":\"*\",\"text\":\"\"},{\"columns\":[{\"width\":\"*\",\"text\":\"\"},{\"image\":\"public/images/gob_logo.png\",\"width\":48,\"height\":43,\"marginRight\":2},{\"image\":\"public/images/logo_senprende.jpg\",\"width\":87,\"height\":42,\"opacity\":0.55}],\"alignment\":\"right\"}],\"margin\":[61,90,61,80]}]},\"content\":[{\"text\":\"SERVICIO NACIONAL DE EMPRENDIMIENTO Y DE PEQUEÑOS NEGOCIOS\",\"bold\":true,\"fontSize\":14,\"alignment\":\"center\",\"margin\":[0,48,0,26]},{\"text\":\"SENPRENDE \\nSUBDIRECCIÓN DE FORMALIZACIÓN\\nINFORME DE DENOMINACIÓN\",\"bold\":true,\"fontSize\":12,\"alignment\":\"center\"},{\"text\":[\"La Sub Dirección de Formalización, INFORMA: Que, en los libros de registro de las empresas y organizaciones del Sector Social de la Economía, NO SE ENCUENTRA REGISTRADA la \",{\"text\":\"“ASOCIACIÓN GUANGOLOLO STORE”\",\"bold\":true},\"con domicilio en EL CASERIO HACDA. ALTAMIRA, ALDEA BIJAGUAL, MUNICIPIO DE JUTICALPA, DEPARTAMENTO DE OLANCHO, cuya actividad principal y única será PRODUCCIÓN, INDUSTRIALIZACIÓN, TRANSFORMACIÓN Y COMERCIALIZACIÓN DE UN PRODUCTO O MATERIA PRIMA. en virtud de lo anterior es procedente continuar el trámite de la personeria jurídica bajo dicha denominación, conforme a lo establecido en el Artículo 72 de la Ley de Procedimiento Administrativo y Artículo 8 del Reglamento de la Ley del Sector Social de la Economía. Dicha Constancia tendrá vigencia por un período de sesenta días a partir de la fecha.\",{\"text\":[\"\\n\\nDado en la ciudad de Tegucigalpa M.D.C, 24/07/2024.\"],\"marginTop\":15}],\"marginTop\":20,\"lineHeight\":1,\"alignment\":\"justify\"},{\"canvas\":[{\"type\":\"line\",\"x1\":0,\"y1\":0,\"x2\":280,\"y2\":0,\"lineWidth\":0.8}],\"alignment\":\"center\",\"marginTop\":130},{\"text\":\"LIC. ROSA ANGELICA FAJARDO BONILLA\\nSUBDIRECTORA DE FORMALIZACION\",\"marginTop\":15,\"alignment\":\"center\"},{\"image\":\"public/images/firma.png\",\"width\":170,\"alignment\":\"center\",\"opacity\":0.9,\"absolutePosition\":{\"x\":85,\"y\":475}},{\"stack\":[{\"qr\":\"https://devsse.senprende.hn/\",\"fit\":97,\"alignment\":\"center\",\"marginTop\":68},{\"text\":\"*Escanea el documento para verificar su validez*\",\"alignment\":\"center\",\"fontSize\":10,\"marginTop\":10}]}],\"footer\":{\"stack\":[{\"image\":\"public/images/footer_logos.jpg\",\"alignment\":\"center\",\"width\":450,\"opacity\":0.5,\"margin\":[0,0]},{\"text\":\"Boulevard Juan Pablo II, Centro Cívico Gubernamental, Torre 2, Niveles Nº 12 y Nº 21 Tegucigalpa. \\nUPEG.R.01 | Revisión 10 | julio del 2024\",\"alignment\":\"center\",\"lineHeight\":1.1,\"fontSize\":9,\"color\":\"gray\",\"bold\":true,\"marginTop\":5}]},\"defaultStyle\":{\"font\":\"Arial\"},\"pageSize\":\"LEGAL\",\"background\":[{\"image\":\"public/images/water_mark_blank_new.jpg\",\"width\":612,\"height\":1008.126}]}'),(45,2,'{\"pageMargins\":[61,90,61,80],\"header\":{\"stack\":[{\"text\":\"Referencia: 1722547562339\",\"alignment\":\"right\",\"margin\":[4,4],\"font\":\"Arial\",\"fontSize\":10},{\"columns\":[{\"image\":\"public/images/logo_honduras_emprende_solidaria.jpg\",\"width\":118,\"height\":48,\"opacity\":0.55,\"alignment\":\"left\"},{\"width\":\"*\",\"text\":\"\"},{\"columns\":[{\"width\":\"*\",\"text\":\"\"},{\"image\":\"public/images/gob_logo.png\",\"width\":48,\"height\":43,\"marginRight\":2},{\"image\":\"public/images/logo_senprende.jpg\",\"width\":87,\"height\":42,\"opacity\":0.55}],\"alignment\":\"right\"}],\"marginLeft\":90}]},\"content\":[{\"text\":\"SERVICIO NACIONAL DE EMPRENDIMIENTO Y DE PEQUEÑOS NEGOCIOS\",\"bold\":true,\"fontSize\":14,\"alignment\":\"center\",\"margin\":[0,48,0,26]},{\"text\":\"SENPRENDE \\nSUBDIRECCIÓN DE FORMALIZACIÓN\\nINFORME DE DENOMINACIÓN\",\"bold\":true,\"fontSize\":12,\"alignment\":\"center\"},{\"text\":[\"La Sub Dirección de Formalización, INFORMA: Que, en los libros de registro de las empresas y organizaciones del Sector Social de la Economía, NO SE ENCUENTRA REGISTRADA la \",{\"text\":\"“ASOCIACIÓN GUANGOLOLO STORE”\",\"bold\":true},\"con domicilio en EL CASERIO HACDA. ALTAMIRA, ALDEA BIJAGUAL, MUNICIPIO DE JUTICALPA, DEPARTAMENTO DE OLANCHO, cuya actividad principal y única será PRODUCCIÓN, INDUSTRIALIZACIÓN, TRANSFORMACIÓN Y COMERCIALIZACIÓN DE UN PRODUCTO O MATERIA PRIMA. en virtud de lo anterior es procedente continuar el trámite de la personeria jurídica bajo dicha denominación, conforme a lo establecido en el Artículo 72 de la Ley de Procedimiento Administrativo y Artículo 8 del Reglamento de la Ley del Sector Social de la Economía. Dicha Constancia tendrá vigencia por un período de sesenta días a partir de la fecha.\",{\"text\":[\"\\n\\nDado en la ciudad de Tegucigalpa M.D.C, 24/07/2024.\"],\"marginTop\":15}],\"marginTop\":20,\"lineHeight\":1,\"alignment\":\"justify\"},{\"canvas\":[{\"type\":\"line\",\"x1\":0,\"y1\":0,\"x2\":280,\"y2\":0,\"lineWidth\":0.8}],\"alignment\":\"center\",\"marginTop\":130},{\"text\":\"LIC. ROSA ANGELICA FAJARDO BONILLA\\nSUBDIRECTORA DE FORMALIZACION\",\"marginTop\":15,\"alignment\":\"center\"},{\"image\":\"public/images/firma.png\",\"width\":170,\"alignment\":\"center\",\"opacity\":0.9,\"absolutePosition\":{\"x\":85,\"y\":475}},{\"stack\":[{\"qr\":\"https://devsse.senprende.hn/\",\"fit\":97,\"alignment\":\"center\",\"marginTop\":68},{\"text\":\"*Escanea el documento para verificar su validez*\",\"alignment\":\"center\",\"fontSize\":10,\"marginTop\":10}]}],\"footer\":{\"stack\":[{\"image\":\"public/images/footer_logos.jpg\",\"alignment\":\"center\",\"width\":450,\"opacity\":0.5,\"margin\":[0,0]},{\"text\":\"Boulevard Juan Pablo II, Centro Cívico Gubernamental, Torre 2, Niveles Nº 12 y Nº 21 Tegucigalpa. \\nUPEG.R.01 | Revisión 10 | julio del 2024\",\"alignment\":\"center\",\"lineHeight\":1.1,\"fontSize\":9,\"color\":\"gray\",\"bold\":true,\"marginTop\":5}]},\"defaultStyle\":{\"font\":\"Arial\"},\"pageSize\":\"LEGAL\",\"background\":[{\"image\":\"public/images/water_mark_blank_new.jpg\",\"width\":612,\"height\":1008.126}]}'),(46,2,'{\"pageMargins\":[61,90,61,80],\"header\":{\"stack\":[{\"text\":\"Referencia: 1722547600556\",\"alignment\":\"right\",\"margin\":[4,4],\"font\":\"Arial\",\"fontSize\":10},{\"columns\":[{\"image\":\"public/images/logo_honduras_emprende_solidaria.jpg\",\"width\":118,\"height\":48,\"opacity\":0.55,\"alignment\":\"left\"},{\"width\":\"*\",\"text\":\"\"},{\"columns\":[{\"width\":\"*\",\"text\":\"\"},{\"image\":\"public/images/gob_logo.png\",\"width\":48,\"height\":43,\"marginRight\":2},{\"image\":\"public/images/logo_senprende.jpg\",\"width\":87,\"height\":42,\"opacity\":0.55}],\"alignment\":\"right\"}],\"marginLeft\":70}]},\"content\":[{\"text\":\"SERVICIO NACIONAL DE EMPRENDIMIENTO Y DE PEQUEÑOS NEGOCIOS\",\"bold\":true,\"fontSize\":14,\"alignment\":\"center\",\"margin\":[0,48,0,26]},{\"text\":\"SENPRENDE \\nSUBDIRECCIÓN DE FORMALIZACIÓN\\nINFORME DE DENOMINACIÓN\",\"bold\":true,\"fontSize\":12,\"alignment\":\"center\"},{\"text\":[\"La Sub Dirección de Formalización, INFORMA: Que, en los libros de registro de las empresas y organizaciones del Sector Social de la Economía, NO SE ENCUENTRA REGISTRADA la \",{\"text\":\"“ASOCIACIÓN GUANGOLOLO STORE”\",\"bold\":true},\"con domicilio en EL CASERIO HACDA. ALTAMIRA, ALDEA BIJAGUAL, MUNICIPIO DE JUTICALPA, DEPARTAMENTO DE OLANCHO, cuya actividad principal y única será PRODUCCIÓN, INDUSTRIALIZACIÓN, TRANSFORMACIÓN Y COMERCIALIZACIÓN DE UN PRODUCTO O MATERIA PRIMA. en virtud de lo anterior es procedente continuar el trámite de la personeria jurídica bajo dicha denominación, conforme a lo establecido en el Artículo 72 de la Ley de Procedimiento Administrativo y Artículo 8 del Reglamento de la Ley del Sector Social de la Economía. Dicha Constancia tendrá vigencia por un período de sesenta días a partir de la fecha.\",{\"text\":[\"\\n\\nDado en la ciudad de Tegucigalpa M.D.C, 24/07/2024.\"],\"marginTop\":15}],\"marginTop\":20,\"lineHeight\":1,\"alignment\":\"justify\"},{\"canvas\":[{\"type\":\"line\",\"x1\":0,\"y1\":0,\"x2\":280,\"y2\":0,\"lineWidth\":0.8}],\"alignment\":\"center\",\"marginTop\":130},{\"text\":\"LIC. ROSA ANGELICA FAJARDO BONILLA\\nSUBDIRECTORA DE FORMALIZACION\",\"marginTop\":15,\"alignment\":\"center\"},{\"image\":\"public/images/firma.png\",\"width\":170,\"alignment\":\"center\",\"opacity\":0.9,\"absolutePosition\":{\"x\":85,\"y\":475}},{\"stack\":[{\"qr\":\"https://devsse.senprende.hn/\",\"fit\":97,\"alignment\":\"center\",\"marginTop\":68},{\"text\":\"*Escanea el documento para verificar su validez*\",\"alignment\":\"center\",\"fontSize\":10,\"marginTop\":10}]}],\"footer\":{\"stack\":[{\"image\":\"public/images/footer_logos.jpg\",\"alignment\":\"center\",\"width\":450,\"opacity\":0.5,\"margin\":[0,0]},{\"text\":\"Boulevard Juan Pablo II, Centro Cívico Gubernamental, Torre 2, Niveles Nº 12 y Nº 21 Tegucigalpa. \\nUPEG.R.01 | Revisión 10 | julio del 2024\",\"alignment\":\"center\",\"lineHeight\":1.1,\"fontSize\":9,\"color\":\"gray\",\"bold\":true,\"marginTop\":5}]},\"defaultStyle\":{\"font\":\"Arial\"},\"pageSize\":\"LEGAL\",\"background\":[{\"image\":\"public/images/water_mark_blank_new.jpg\",\"width\":612,\"height\":1008.126}]}'),(47,2,'{\"pageMargins\":[61,90,61,80],\"header\":{\"stack\":[{\"text\":\"Referencia: 1722547704996\",\"alignment\":\"right\",\"margin\":[4,4],\"font\":\"Arial\",\"fontSize\":10},{\"columns\":[{\"image\":\"public/images/logo_honduras_emprende_solidaria.jpg\",\"width\":118,\"height\":48,\"opacity\":0.55,\"alignment\":\"left\"},{\"width\":\"*\",\"text\":\"\"},{\"columns\":[{\"width\":\"*\",\"text\":\"\"},{\"image\":\"public/images/gob_logo.png\",\"width\":48,\"height\":43,\"marginRight\":2},{\"image\":\"public/images/logo_senprende.jpg\",\"width\":87,\"height\":42,\"opacity\":0.55}],\"alignment\":\"right\"}],\"margin\":[61,31,61,0]}]},\"content\":[{\"text\":\"SERVICIO NACIONAL DE EMPRENDIMIENTO Y DE PEQUEÑOS NEGOCIOS\",\"bold\":true,\"fontSize\":14,\"alignment\":\"center\",\"margin\":[0,48,0,26]},{\"text\":\"SENPRENDE \\nSUBDIRECCIÓN DE FORMALIZACIÓN\\nINFORME DE DENOMINACIÓN\",\"bold\":true,\"fontSize\":12,\"alignment\":\"center\"},{\"text\":[\"La Sub Dirección de Formalización, INFORMA: Que, en los libros de registro de las empresas y organizaciones del Sector Social de la Economía, NO SE ENCUENTRA REGISTRADA la \",{\"text\":\"“ASOCIACIÓN GUANGOLOLO STORE”\",\"bold\":true},\"con domicilio en EL CASERIO HACDA. ALTAMIRA, ALDEA BIJAGUAL, MUNICIPIO DE JUTICALPA, DEPARTAMENTO DE OLANCHO, cuya actividad principal y única será PRODUCCIÓN, INDUSTRIALIZACIÓN, TRANSFORMACIÓN Y COMERCIALIZACIÓN DE UN PRODUCTO O MATERIA PRIMA. en virtud de lo anterior es procedente continuar el trámite de la personeria jurídica bajo dicha denominación, conforme a lo establecido en el Artículo 72 de la Ley de Procedimiento Administrativo y Artículo 8 del Reglamento de la Ley del Sector Social de la Economía. Dicha Constancia tendrá vigencia por un período de sesenta días a partir de la fecha.\",{\"text\":[\"\\n\\nDado en la ciudad de Tegucigalpa M.D.C, 24/07/2024.\"],\"marginTop\":15}],\"marginTop\":20,\"lineHeight\":1,\"alignment\":\"justify\"},{\"canvas\":[{\"type\":\"line\",\"x1\":0,\"y1\":0,\"x2\":280,\"y2\":0,\"lineWidth\":0.8}],\"alignment\":\"center\",\"marginTop\":130},{\"text\":\"LIC. ROSA ANGELICA FAJARDO BONILLA\\nSUBDIRECTORA DE FORMALIZACION\",\"marginTop\":15,\"alignment\":\"center\"},{\"image\":\"public/images/firma.png\",\"width\":170,\"alignment\":\"center\",\"opacity\":0.9,\"absolutePosition\":{\"x\":85,\"y\":475}},{\"stack\":[{\"qr\":\"https://devsse.senprende.hn/\",\"fit\":97,\"alignment\":\"center\",\"marginTop\":68},{\"text\":\"*Escanea el documento para verificar su validez*\",\"alignment\":\"center\",\"fontSize\":10,\"marginTop\":10}]}],\"footer\":{\"stack\":[{\"image\":\"public/images/footer_logos.jpg\",\"alignment\":\"center\",\"width\":450,\"opacity\":0.5,\"margin\":[0,0]},{\"text\":\"Boulevard Juan Pablo II, Centro Cívico Gubernamental, Torre 2, Niveles Nº 12 y Nº 21 Tegucigalpa. \\nUPEG.R.01 | Revisión 10 | julio del 2024\",\"alignment\":\"center\",\"lineHeight\":1.1,\"fontSize\":9,\"color\":\"gray\",\"bold\":true,\"marginTop\":5}]},\"defaultStyle\":{\"font\":\"Arial\"},\"pageSize\":\"LEGAL\",\"background\":[{\"image\":\"public/images/water_mark_blank_new.jpg\",\"width\":612,\"height\":1008.126}]}'),(48,2,'{\"pageMargins\":[61,90,61,80],\"header\":{\"stack\":[{\"text\":\"Referencia: 1722547726281\",\"alignment\":\"right\",\"margin\":[4,4],\"font\":\"Arial\",\"fontSize\":10},{\"columns\":[{\"image\":\"public/images/logo_honduras_emprende_solidaria.jpg\",\"width\":118,\"height\":48,\"opacity\":0.55,\"alignment\":\"left\"},{\"width\":\"*\",\"text\":\"\"},{\"columns\":[{\"width\":\"*\",\"text\":\"\"},{\"image\":\"public/images/gob_logo.png\",\"width\":48,\"height\":43,\"marginRight\":2},{\"image\":\"public/images/logo_senprende.jpg\",\"width\":87,\"height\":42,\"opacity\":0.55}],\"alignment\":\"right\"}],\"margin\":[61,90,61,0]}]},\"content\":[{\"text\":\"SERVICIO NACIONAL DE EMPRENDIMIENTO Y DE PEQUEÑOS NEGOCIOS\",\"bold\":true,\"fontSize\":14,\"alignment\":\"center\",\"margin\":[0,48,0,26]},{\"text\":\"SENPRENDE \\nSUBDIRECCIÓN DE FORMALIZACIÓN\\nINFORME DE DENOMINACIÓN\",\"bold\":true,\"fontSize\":12,\"alignment\":\"center\"},{\"text\":[\"La Sub Dirección de Formalización, INFORMA: Que, en los libros de registro de las empresas y organizaciones del Sector Social de la Economía, NO SE ENCUENTRA REGISTRADA la \",{\"text\":\"“ASOCIACIÓN GUANGOLOLO STORE”\",\"bold\":true},\"con domicilio en EL CASERIO HACDA. ALTAMIRA, ALDEA BIJAGUAL, MUNICIPIO DE JUTICALPA, DEPARTAMENTO DE OLANCHO, cuya actividad principal y única será PRODUCCIÓN, INDUSTRIALIZACIÓN, TRANSFORMACIÓN Y COMERCIALIZACIÓN DE UN PRODUCTO O MATERIA PRIMA. en virtud de lo anterior es procedente continuar el trámite de la personeria jurídica bajo dicha denominación, conforme a lo establecido en el Artículo 72 de la Ley de Procedimiento Administrativo y Artículo 8 del Reglamento de la Ley del Sector Social de la Economía. Dicha Constancia tendrá vigencia por un período de sesenta días a partir de la fecha.\",{\"text\":[\"\\n\\nDado en la ciudad de Tegucigalpa M.D.C, 24/07/2024.\"],\"marginTop\":15}],\"marginTop\":20,\"lineHeight\":1,\"alignment\":\"justify\"},{\"canvas\":[{\"type\":\"line\",\"x1\":0,\"y1\":0,\"x2\":280,\"y2\":0,\"lineWidth\":0.8}],\"alignment\":\"center\",\"marginTop\":130},{\"text\":\"LIC. ROSA ANGELICA FAJARDO BONILLA\\nSUBDIRECTORA DE FORMALIZACION\",\"marginTop\":15,\"alignment\":\"center\"},{\"image\":\"public/images/firma.png\",\"width\":170,\"alignment\":\"center\",\"opacity\":0.9,\"absolutePosition\":{\"x\":85,\"y\":475}},{\"stack\":[{\"qr\":\"https://devsse.senprende.hn/\",\"fit\":97,\"alignment\":\"center\",\"marginTop\":68},{\"text\":\"*Escanea el documento para verificar su validez*\",\"alignment\":\"center\",\"fontSize\":10,\"marginTop\":10}]}],\"footer\":{\"stack\":[{\"image\":\"public/images/footer_logos.jpg\",\"alignment\":\"center\",\"width\":450,\"opacity\":0.5,\"margin\":[0,0]},{\"text\":\"Boulevard Juan Pablo II, Centro Cívico Gubernamental, Torre 2, Niveles Nº 12 y Nº 21 Tegucigalpa. \\nUPEG.R.01 | Revisión 10 | julio del 2024\",\"alignment\":\"center\",\"lineHeight\":1.1,\"fontSize\":9,\"color\":\"gray\",\"bold\":true,\"marginTop\":5}]},\"defaultStyle\":{\"font\":\"Arial\"},\"pageSize\":\"LEGAL\",\"background\":[{\"image\":\"public/images/water_mark_blank_new.jpg\",\"width\":612,\"height\":1008.126}]}'),(49,2,'{\"pageMargins\":[61,90,61,80],\"header\":{\"stack\":[{\"text\":\"Referencia: 1722547756217\",\"alignment\":\"right\",\"margin\":[4,4],\"font\":\"Arial\",\"fontSize\":10},{\"columns\":[{\"image\":\"public/images/logo_honduras_emprende_solidaria.jpg\",\"width\":118,\"height\":48,\"opacity\":0.55,\"alignment\":\"left\"},{\"width\":\"*\",\"text\":\"\"},{\"columns\":[{\"width\":\"*\",\"text\":\"\"},{\"image\":\"public/images/gob_logo.png\",\"width\":48,\"height\":43,\"marginRight\":2},{\"image\":\"public/images/logo_senprende.jpg\",\"width\":87,\"height\":42,\"opacity\":0.55}],\"alignment\":\"right\"}],\"marginLeft\":61,\"marginRight\":61}]},\"content\":[{\"text\":\"SERVICIO NACIONAL DE EMPRENDIMIENTO Y DE PEQUEÑOS NEGOCIOS\",\"bold\":true,\"fontSize\":14,\"alignment\":\"center\",\"margin\":[0,48,0,26]},{\"text\":\"SENPRENDE \\nSUBDIRECCIÓN DE FORMALIZACIÓN\\nINFORME DE DENOMINACIÓN\",\"bold\":true,\"fontSize\":12,\"alignment\":\"center\"},{\"text\":[\"La Sub Dirección de Formalización, INFORMA: Que, en los libros de registro de las empresas y organizaciones del Sector Social de la Economía, NO SE ENCUENTRA REGISTRADA la \",{\"text\":\"“ASOCIACIÓN GUANGOLOLO STORE”\",\"bold\":true},\"con domicilio en EL CASERIO HACDA. ALTAMIRA, ALDEA BIJAGUAL, MUNICIPIO DE JUTICALPA, DEPARTAMENTO DE OLANCHO, cuya actividad principal y única será PRODUCCIÓN, INDUSTRIALIZACIÓN, TRANSFORMACIÓN Y COMERCIALIZACIÓN DE UN PRODUCTO O MATERIA PRIMA. en virtud de lo anterior es procedente continuar el trámite de la personeria jurídica bajo dicha denominación, conforme a lo establecido en el Artículo 72 de la Ley de Procedimiento Administrativo y Artículo 8 del Reglamento de la Ley del Sector Social de la Economía. Dicha Constancia tendrá vigencia por un período de sesenta días a partir de la fecha.\",{\"text\":[\"\\n\\nDado en la ciudad de Tegucigalpa M.D.C, 24/07/2024.\"],\"marginTop\":15}],\"marginTop\":20,\"lineHeight\":1,\"alignment\":\"justify\"},{\"canvas\":[{\"type\":\"line\",\"x1\":0,\"y1\":0,\"x2\":280,\"y2\":0,\"lineWidth\":0.8}],\"alignment\":\"center\",\"marginTop\":130},{\"text\":\"LIC. ROSA ANGELICA FAJARDO BONILLA\\nSUBDIRECTORA DE FORMALIZACION\",\"marginTop\":15,\"alignment\":\"center\"},{\"image\":\"public/images/firma.png\",\"width\":170,\"alignment\":\"center\",\"opacity\":0.9,\"absolutePosition\":{\"x\":85,\"y\":475}},{\"stack\":[{\"qr\":\"https://devsse.senprende.hn/\",\"fit\":97,\"alignment\":\"center\",\"marginTop\":68},{\"text\":\"*Escanea el documento para verificar su validez*\",\"alignment\":\"center\",\"fontSize\":10,\"marginTop\":10}]}],\"footer\":{\"stack\":[{\"image\":\"public/images/footer_logos.jpg\",\"alignment\":\"center\",\"width\":450,\"opacity\":0.5,\"margin\":[0,0]},{\"text\":\"Boulevard Juan Pablo II, Centro Cívico Gubernamental, Torre 2, Niveles Nº 12 y Nº 21 Tegucigalpa. \\nUPEG.R.01 | Revisión 10 | julio del 2024\",\"alignment\":\"center\",\"lineHeight\":1.1,\"fontSize\":9,\"color\":\"gray\",\"bold\":true,\"marginTop\":5}]},\"defaultStyle\":{\"font\":\"Arial\"},\"pageSize\":\"LEGAL\",\"background\":[{\"image\":\"public/images/water_mark_blank_new.jpg\",\"width\":612,\"height\":1008.126}]}'),(50,2,'{\"pageMargins\":[61,90,61,80],\"header\":{\"stack\":[{\"text\":\"Referencia: 1722547780017\",\"alignment\":\"right\",\"margin\":[4,4],\"font\":\"Arial\",\"fontSize\":10},{\"columns\":[{\"image\":\"public/images/logo_honduras_emprende_solidaria.jpg\",\"width\":118,\"height\":48,\"opacity\":0.55,\"alignment\":\"left\"},{\"width\":\"*\",\"text\":\"\"},{\"columns\":[{\"width\":\"*\",\"text\":\"\"},{\"image\":\"public/images/gob_logo.png\",\"width\":48,\"height\":43,\"marginRight\":2},{\"image\":\"public/images/logo_senprende.jpg\",\"width\":87,\"height\":42,\"opacity\":0.55}],\"alignment\":\"right\"}],\"marginLeft\":61,\"marginRight\":61,\"marginTop\":31}]},\"content\":[{\"text\":\"SERVICIO NACIONAL DE EMPRENDIMIENTO Y DE PEQUEÑOS NEGOCIOS\",\"bold\":true,\"fontSize\":14,\"alignment\":\"center\",\"margin\":[0,48,0,26]},{\"text\":\"SENPRENDE \\nSUBDIRECCIÓN DE FORMALIZACIÓN\\nINFORME DE DENOMINACIÓN\",\"bold\":true,\"fontSize\":12,\"alignment\":\"center\"},{\"text\":[\"La Sub Dirección de Formalización, INFORMA: Que, en los libros de registro de las empresas y organizaciones del Sector Social de la Economía, NO SE ENCUENTRA REGISTRADA la \",{\"text\":\"“ASOCIACIÓN GUANGOLOLO STORE”\",\"bold\":true},\"con domicilio en EL CASERIO HACDA. ALTAMIRA, ALDEA BIJAGUAL, MUNICIPIO DE JUTICALPA, DEPARTAMENTO DE OLANCHO, cuya actividad principal y única será PRODUCCIÓN, INDUSTRIALIZACIÓN, TRANSFORMACIÓN Y COMERCIALIZACIÓN DE UN PRODUCTO O MATERIA PRIMA. en virtud de lo anterior es procedente continuar el trámite de la personeria jurídica bajo dicha denominación, conforme a lo establecido en el Artículo 72 de la Ley de Procedimiento Administrativo y Artículo 8 del Reglamento de la Ley del Sector Social de la Economía. Dicha Constancia tendrá vigencia por un período de sesenta días a partir de la fecha.\",{\"text\":[\"\\n\\nDado en la ciudad de Tegucigalpa M.D.C, 24/07/2024.\"],\"marginTop\":15}],\"marginTop\":20,\"lineHeight\":1,\"alignment\":\"justify\"},{\"canvas\":[{\"type\":\"line\",\"x1\":0,\"y1\":0,\"x2\":280,\"y2\":0,\"lineWidth\":0.8}],\"alignment\":\"center\",\"marginTop\":130},{\"text\":\"LIC. ROSA ANGELICA FAJARDO BONILLA\\nSUBDIRECTORA DE FORMALIZACION\",\"marginTop\":15,\"alignment\":\"center\"},{\"image\":\"public/images/firma.png\",\"width\":170,\"alignment\":\"center\",\"opacity\":0.9,\"absolutePosition\":{\"x\":85,\"y\":475}},{\"stack\":[{\"qr\":\"https://devsse.senprende.hn/\",\"fit\":97,\"alignment\":\"center\",\"marginTop\":68},{\"text\":\"*Escanea el documento para verificar su validez*\",\"alignment\":\"center\",\"fontSize\":10,\"marginTop\":10}]}],\"footer\":{\"stack\":[{\"image\":\"public/images/footer_logos.jpg\",\"alignment\":\"center\",\"width\":450,\"opacity\":0.5,\"margin\":[0,0]},{\"text\":\"Boulevard Juan Pablo II, Centro Cívico Gubernamental, Torre 2, Niveles Nº 12 y Nº 21 Tegucigalpa. \\nUPEG.R.01 | Revisión 10 | julio del 2024\",\"alignment\":\"center\",\"lineHeight\":1.1,\"fontSize\":9,\"color\":\"gray\",\"bold\":true,\"marginTop\":5}]},\"defaultStyle\":{\"font\":\"Arial\"},\"pageSize\":\"LEGAL\",\"background\":[{\"image\":\"public/images/water_mark_blank_new.jpg\",\"width\":612,\"height\":1008.126}]}'),(51,2,'{\"pageMargins\":[61,90,61,80],\"header\":{\"stack\":[{\"text\":\"Referencia: 1722547810423\",\"alignment\":\"right\",\"margin\":[4,4],\"font\":\"Arial\",\"fontSize\":10},{\"columns\":[{\"image\":\"public/images/logo_honduras_emprende_solidaria.jpg\",\"width\":118,\"height\":48,\"opacity\":0.55,\"alignment\":\"left\"},{\"width\":\"*\",\"text\":\"\"},{\"columns\":[{\"width\":\"*\",\"text\":\"\"},{\"image\":\"public/images/gob_logo.png\",\"width\":48,\"height\":43,\"marginRight\":2},{\"image\":\"public/images/logo_senprende.jpg\",\"width\":87,\"height\":42,\"opacity\":0.55}],\"alignment\":\"right\"}],\"marginLeft\":61,\"marginRight\":61,\"marginTop\":10}]},\"content\":[{\"text\":\"SERVICIO NACIONAL DE EMPRENDIMIENTO Y DE PEQUEÑOS NEGOCIOS\",\"bold\":true,\"fontSize\":14,\"alignment\":\"center\",\"margin\":[0,48,0,26]},{\"text\":\"SENPRENDE \\nSUBDIRECCIÓN DE FORMALIZACIÓN\\nINFORME DE DENOMINACIÓN\",\"bold\":true,\"fontSize\":12,\"alignment\":\"center\"},{\"text\":[\"La Sub Dirección de Formalización, INFORMA: Que, en los libros de registro de las empresas y organizaciones del Sector Social de la Economía, NO SE ENCUENTRA REGISTRADA la \",{\"text\":\"“ASOCIACIÓN GUANGOLOLO STORE”\",\"bold\":true},\"con domicilio en EL CASERIO HACDA. ALTAMIRA, ALDEA BIJAGUAL, MUNICIPIO DE JUTICALPA, DEPARTAMENTO DE OLANCHO, cuya actividad principal y única será PRODUCCIÓN, INDUSTRIALIZACIÓN, TRANSFORMACIÓN Y COMERCIALIZACIÓN DE UN PRODUCTO O MATERIA PRIMA. en virtud de lo anterior es procedente continuar el trámite de la personeria jurídica bajo dicha denominación, conforme a lo establecido en el Artículo 72 de la Ley de Procedimiento Administrativo y Artículo 8 del Reglamento de la Ley del Sector Social de la Economía. Dicha Constancia tendrá vigencia por un período de sesenta días a partir de la fecha.\",{\"text\":[\"\\n\\nDado en la ciudad de Tegucigalpa M.D.C, 24/07/2024.\"],\"marginTop\":15}],\"marginTop\":20,\"lineHeight\":1,\"alignment\":\"justify\"},{\"canvas\":[{\"type\":\"line\",\"x1\":0,\"y1\":0,\"x2\":280,\"y2\":0,\"lineWidth\":0.8}],\"alignment\":\"center\",\"marginTop\":130},{\"text\":\"LIC. ROSA ANGELICA FAJARDO BONILLA\\nSUBDIRECTORA DE FORMALIZACION\",\"marginTop\":15,\"alignment\":\"center\"},{\"image\":\"public/images/firma.png\",\"width\":170,\"alignment\":\"center\",\"opacity\":0.9,\"absolutePosition\":{\"x\":85,\"y\":475}},{\"stack\":[{\"qr\":\"https://devsse.senprende.hn/\",\"fit\":97,\"alignment\":\"center\",\"marginTop\":68},{\"text\":\"*Escanea el documento para verificar su validez*\",\"alignment\":\"center\",\"fontSize\":10,\"marginTop\":10}]}],\"footer\":{\"stack\":[{\"image\":\"public/images/footer_logos.jpg\",\"alignment\":\"center\",\"width\":450,\"opacity\":0.5,\"margin\":[0,0]},{\"text\":\"Boulevard Juan Pablo II, Centro Cívico Gubernamental, Torre 2, Niveles Nº 12 y Nº 21 Tegucigalpa. \\nUPEG.R.01 | Revisión 10 | julio del 2024\",\"alignment\":\"center\",\"lineHeight\":1.1,\"fontSize\":9,\"color\":\"gray\",\"bold\":true,\"marginTop\":5}]},\"defaultStyle\":{\"font\":\"Arial\"},\"pageSize\":\"LEGAL\",\"background\":[{\"image\":\"public/images/water_mark_blank_new.jpg\",\"width\":612,\"height\":1008.126}]}'),(52,2,'{\"pageMargins\":[61,90,61,80],\"header\":{\"stack\":[{\"text\":\"Referencia: 1722547830087\",\"alignment\":\"right\",\"margin\":[4,4],\"font\":\"Arial\",\"fontSize\":10},{\"columns\":[{\"image\":\"public/images/logo_honduras_emprende_solidaria.jpg\",\"width\":118,\"height\":48,\"opacity\":0.55,\"alignment\":\"left\"},{\"width\":\"*\",\"text\":\"\"},{\"columns\":[{\"width\":\"*\",\"text\":\"\"},{\"image\":\"public/images/gob_logo.png\",\"width\":48,\"height\":43,\"marginRight\":2},{\"image\":\"public/images/logo_senprende.jpg\",\"width\":87,\"height\":42,\"opacity\":0.55}],\"alignment\":\"right\"}],\"marginLeft\":61,\"marginRight\":61,\"marginTop\":10}]},\"content\":[{\"text\":\"SERVICIO NACIONAL DE EMPRENDIMIENTO Y DE PEQUEÑOS NEGOCIOS\",\"bold\":true,\"fontSize\":14,\"alignment\":\"center\",\"margin\":[0,48,0,26]},{\"text\":\"SENPRENDE \\nSUBDIRECCIÓN DE FORMALIZACIÓN\\nINFORME DE DENOMINACIÓN\",\"bold\":true,\"fontSize\":12,\"alignment\":\"center\"},{\"text\":[\"La Sub Dirección de Formalización, INFORMA: Que, en los libros de registro de las empresas y organizaciones del Sector Social de la Economía, NO SE ENCUENTRA REGISTRADA la \",{\"text\":\"“ASOCIACIÓN GUANGOLOLO STORE”\",\"bold\":true},\"con domicilio en EL CASERIO HACDA. ALTAMIRA, ALDEA BIJAGUAL, MUNICIPIO DE JUTICALPA, DEPARTAMENTO DE OLANCHO, cuya actividad principal y única será PRODUCCIÓN, INDUSTRIALIZACIÓN, TRANSFORMACIÓN Y COMERCIALIZACIÓN DE UN PRODUCTO O MATERIA PRIMA. en virtud de lo anterior es procedente continuar el trámite de la personeria jurídica bajo dicha denominación, conforme a lo establecido en el Artículo 72 de la Ley de Procedimiento Administrativo y Artículo 8 del Reglamento de la Ley del Sector Social de la Economía. Dicha Constancia tendrá vigencia por un período de sesenta días a partir de la fecha.\",{\"text\":[\"\\n\\nDado en la ciudad de Tegucigalpa M.D.C, 24/07/2024.\"],\"marginTop\":15}],\"marginTop\":20,\"lineHeight\":1,\"alignment\":\"justify\"},{\"canvas\":[{\"type\":\"line\",\"x1\":0,\"y1\":0,\"x2\":280,\"y2\":0,\"lineWidth\":0.8}],\"alignment\":\"center\",\"marginTop\":130},{\"text\":\"LIC. ROSA ANGELICA FAJARDO BONILLA\\nSUBDIRECTORA DE FORMALIZACION\",\"marginTop\":15,\"alignment\":\"center\"},{\"image\":\"public/images/firma.png\",\"width\":170,\"alignment\":\"center\",\"opacity\":0.9,\"absolutePosition\":{\"x\":85,\"y\":475}},{\"stack\":[{\"qr\":\"https://devsse.senprende.hn/\",\"fit\":97,\"alignment\":\"center\",\"marginTop\":68},{\"text\":\"*Escanea el documento para verificar su validez*\",\"alignment\":\"center\",\"fontSize\":10,\"marginTop\":10}]}],\"footer\":{\"stack\":[{\"image\":\"public/images/footer_logos.jpg\",\"alignment\":\"center\",\"width\":450,\"opacity\":0.5,\"margin\":[0,0]},{\"text\":\"Boulevard Juan Pablo II, Centro Cívico Gubernamental, Torre 2, Niveles Nº 12 y Nº 21 Tegucigalpa. \\nUPEG.R.01 | Revisión 10 | julio del 2024\",\"alignment\":\"center\",\"lineHeight\":1.1,\"fontSize\":9,\"color\":\"gray\",\"bold\":true,\"marginTop\":5}]},\"defaultStyle\":{\"font\":\"Arial\"},\"pageSize\":\"LEGAL\",\"background\":[{\"image\":\"public/images/water_mark_blank_new.jpg\",\"width\":612,\"height\":1008.126}]}'),(53,2,'{\"pageMargins\":[61,90,61,80],\"header\":{\"stack\":[{\"text\":\"Referencia: 1722547862678\",\"alignment\":\"right\",\"margin\":[4,4],\"font\":\"Arial\",\"fontSize\":10},{\"columns\":[{\"image\":\"public/images/logo_honduras_emprende_solidaria.jpg\",\"width\":118,\"height\":48,\"opacity\":0.55,\"alignment\":\"left\"},{\"width\":\"*\",\"text\":\"\"},{\"columns\":[{\"width\":\"*\",\"text\":\"\"},{\"image\":\"public/images/gob_logo.png\",\"width\":48,\"height\":43,\"marginRight\":2},{\"image\":\"public/images/logo_senprende.jpg\",\"width\":87,\"height\":42,\"opacity\":0.55}],\"alignment\":\"right\"}],\"marginLeft\":61,\"marginRight\":61,\"marginTop\":20}]},\"content\":[{\"text\":\"SERVICIO NACIONAL DE EMPRENDIMIENTO Y DE PEQUEÑOS NEGOCIOS\",\"bold\":true,\"fontSize\":14,\"alignment\":\"center\",\"margin\":[0,48,0,26]},{\"text\":\"SENPRENDE \\nSUBDIRECCIÓN DE FORMALIZACIÓN\\nINFORME DE DENOMINACIÓN\",\"bold\":true,\"fontSize\":12,\"alignment\":\"center\"},{\"text\":[\"La Sub Dirección de Formalización, INFORMA: Que, en los libros de registro de las empresas y organizaciones del Sector Social de la Economía, NO SE ENCUENTRA REGISTRADA la \",{\"text\":\"“ASOCIACIÓN GUANGOLOLO STORE”\",\"bold\":true},\"con domicilio en EL CASERIO HACDA. ALTAMIRA, ALDEA BIJAGUAL, MUNICIPIO DE JUTICALPA, DEPARTAMENTO DE OLANCHO, cuya actividad principal y única será PRODUCCIÓN, INDUSTRIALIZACIÓN, TRANSFORMACIÓN Y COMERCIALIZACIÓN DE UN PRODUCTO O MATERIA PRIMA. en virtud de lo anterior es procedente continuar el trámite de la personeria jurídica bajo dicha denominación, conforme a lo establecido en el Artículo 72 de la Ley de Procedimiento Administrativo y Artículo 8 del Reglamento de la Ley del Sector Social de la Economía. Dicha Constancia tendrá vigencia por un período de sesenta días a partir de la fecha.\",{\"text\":[\"\\n\\nDado en la ciudad de Tegucigalpa M.D.C, 24/07/2024.\"],\"marginTop\":15}],\"marginTop\":20,\"lineHeight\":1,\"alignment\":\"justify\"},{\"canvas\":[{\"type\":\"line\",\"x1\":0,\"y1\":0,\"x2\":280,\"y2\":0,\"lineWidth\":0.8}],\"alignment\":\"center\",\"marginTop\":130},{\"text\":\"LIC. ROSA ANGELICA FAJARDO BONILLA\\nSUBDIRECTORA DE FORMALIZACION\",\"marginTop\":15,\"alignment\":\"center\"},{\"image\":\"public/images/firma.png\",\"width\":170,\"alignment\":\"center\",\"opacity\":0.9,\"absolutePosition\":{\"x\":85,\"y\":475}},{\"stack\":[{\"qr\":\"https://devsse.senprende.hn/\",\"fit\":97,\"alignment\":\"center\",\"marginTop\":68},{\"text\":\"*Escanea el documento para verificar su validez*\",\"alignment\":\"center\",\"fontSize\":10,\"marginTop\":10}]}],\"footer\":{\"stack\":[{\"image\":\"public/images/footer_logos.jpg\",\"alignment\":\"center\",\"width\":450,\"opacity\":0.5,\"margin\":[0,0]},{\"text\":\"Boulevard Juan Pablo II, Centro Cívico Gubernamental, Torre 2, Niveles Nº 12 y Nº 21 Tegucigalpa. \\nUPEG.R.01 | Revisión 10 | julio del 2024\",\"alignment\":\"center\",\"lineHeight\":1.1,\"fontSize\":9,\"color\":\"gray\",\"bold\":true,\"marginTop\":5}]},\"defaultStyle\":{\"font\":\"Arial\"},\"pageSize\":\"LEGAL\",\"background\":[{\"image\":\"public/images/water_mark_blank_new.jpg\",\"width\":612,\"height\":1008.126}]}'),(54,2,'{\"pageMargins\":[61,90,61,80],\"header\":{\"stack\":[{\"text\":\"Referencia: 1722547882423\",\"alignment\":\"right\",\"margin\":[4,4],\"font\":\"Arial\",\"fontSize\":10},{\"columns\":[{\"image\":\"public/images/logo_honduras_emprende_solidaria.jpg\",\"width\":118,\"height\":48,\"opacity\":0.55,\"alignment\":\"left\"},{\"width\":\"*\",\"text\":\"\"},{\"columns\":[{\"width\":\"*\",\"text\":\"\"},{\"image\":\"public/images/gob_logo.png\",\"width\":48,\"height\":43,\"marginRight\":2},{\"image\":\"public/images/logo_senprende.jpg\",\"width\":87,\"height\":42,\"opacity\":0.55}],\"alignment\":\"right\"}],\"marginLeft\":61,\"marginRight\":61,\"marginTop\":15}]},\"content\":[{\"text\":\"SERVICIO NACIONAL DE EMPRENDIMIENTO Y DE PEQUEÑOS NEGOCIOS\",\"bold\":true,\"fontSize\":14,\"alignment\":\"center\",\"margin\":[0,48,0,26]},{\"text\":\"SENPRENDE \\nSUBDIRECCIÓN DE FORMALIZACIÓN\\nINFORME DE DENOMINACIÓN\",\"bold\":true,\"fontSize\":12,\"alignment\":\"center\"},{\"text\":[\"La Sub Dirección de Formalización, INFORMA: Que, en los libros de registro de las empresas y organizaciones del Sector Social de la Economía, NO SE ENCUENTRA REGISTRADA la \",{\"text\":\"“ASOCIACIÓN GUANGOLOLO STORE”\",\"bold\":true},\"con domicilio en EL CASERIO HACDA. ALTAMIRA, ALDEA BIJAGUAL, MUNICIPIO DE JUTICALPA, DEPARTAMENTO DE OLANCHO, cuya actividad principal y única será PRODUCCIÓN, INDUSTRIALIZACIÓN, TRANSFORMACIÓN Y COMERCIALIZACIÓN DE UN PRODUCTO O MATERIA PRIMA. en virtud de lo anterior es procedente continuar el trámite de la personeria jurídica bajo dicha denominación, conforme a lo establecido en el Artículo 72 de la Ley de Procedimiento Administrativo y Artículo 8 del Reglamento de la Ley del Sector Social de la Economía. Dicha Constancia tendrá vigencia por un período de sesenta días a partir de la fecha.\",{\"text\":[\"\\n\\nDado en la ciudad de Tegucigalpa M.D.C, 24/07/2024.\"],\"marginTop\":15}],\"marginTop\":20,\"lineHeight\":1,\"alignment\":\"justify\"},{\"canvas\":[{\"type\":\"line\",\"x1\":0,\"y1\":0,\"x2\":280,\"y2\":0,\"lineWidth\":0.8}],\"alignment\":\"center\",\"marginTop\":130},{\"text\":\"LIC. ROSA ANGELICA FAJARDO BONILLA\\nSUBDIRECTORA DE FORMALIZACION\",\"marginTop\":15,\"alignment\":\"center\"},{\"image\":\"public/images/firma.png\",\"width\":170,\"alignment\":\"center\",\"opacity\":0.9,\"absolutePosition\":{\"x\":85,\"y\":475}},{\"stack\":[{\"qr\":\"https://devsse.senprende.hn/\",\"fit\":97,\"alignment\":\"center\",\"marginTop\":68},{\"text\":\"*Escanea el documento para verificar su validez*\",\"alignment\":\"center\",\"fontSize\":10,\"marginTop\":10}]}],\"footer\":{\"stack\":[{\"image\":\"public/images/footer_logos.jpg\",\"alignment\":\"center\",\"width\":450,\"opacity\":0.5,\"margin\":[0,0]},{\"text\":\"Boulevard Juan Pablo II, Centro Cívico Gubernamental, Torre 2, Niveles Nº 12 y Nº 21 Tegucigalpa. \\nUPEG.R.01 | Revisión 10 | julio del 2024\",\"alignment\":\"center\",\"lineHeight\":1.1,\"fontSize\":9,\"color\":\"gray\",\"bold\":true,\"marginTop\":5}]},\"defaultStyle\":{\"font\":\"Arial\"},\"pageSize\":\"LEGAL\",\"background\":[{\"image\":\"public/images/water_mark_blank_new.jpg\",\"width\":612,\"height\":1008.126}]}'),(55,1,'\n    <!DOCTYPE html>\n    <html lang=\"es\">\n      <head>\n        <meta charset=\"UTF-8\" />\n        <meta http-equiv=\"X-UA-Compatible\" content=\"IE=edge\" />\n        <meta name=\"viewport\" content=\"width=device-width, initial-scale=1.0\" />\n        <title>Constancia de socios vigentes</title>\n        <style>\n          * {\n            font-family: Arial, Helvetica, sans-serif;\n            box-sizing: border-box;\n          }\n    \n          body {\n            box-sizing: border-box;\n            background-size: cover;\n            padding: 0 !important;\n            margin: 0 !important;\n          }\n    \n          footer {\n            position: fixed;\n            bottom: 0;\n            width: 8.5in;\n            padding-bottom: 5mm;\n          }\n    \n          @page {\n            padding: 0;\n            margin: 0;\n          }\n        </style>\n      </head>\n      <body>\n        <img\n          src=\"https://devsse.senprende.hn/images/water_mark_blank_new.jpg\"\n          style=\"position: fixed; top: 0; left: 0; width: 100%; height: 100%\"\n        />\n        <!-- UNA PAGINA -->\n        <main style=\"height: 14in; width: 8.5in; position: relative\">\n          <table>\n              <thead>\n              <tr>\n                <td>\n                  <div\n                    style=\"\n                      display: flex;\n                      justify-content: space-between;\n                      padding: 10mm 20mm;\n                      align-items: center;\n                      opacity: 60%;\n                    \"\n                  >\n                    <img\n                      src=\"https://devsse.senprende.hn/images/logo_honduras_emprende_solidaria.jpg\"\n                      width=\"156px\"\n                      height=\"64px\"\n                    />\n                    <div>\n                      <img\n                        src=\"https://devsse.senprende.hn/images/gob_logo.png\"\n                        width=\"64px\"\n                        height=\"56px\"\n                      />\n                      <img\n                        src=\"https://devsse.senprende.hn/images/logo_senprende.jpg\"\n                        width=\"116px\"\n                        height=\"56px\"\n                      />\n                    </div>\n                  </div>\n                </td>\n              </tr>\n            </thead>\n            <tbody>\n              <tr>\n                <td>\n                  <div class=\"content\" style=\"text-align: justify; margin: 0 5rem\">\n                    <div style=\"text-align: center\">\n                      <h3>\n                        SERVICIO NACIONAL DE EMPRENDIMIENTO Y DE PEQUEÑOS NEGOCIOS\n                        (SENPRENDE)\n                      </h3>\n                      <h4>CONSTANCIA DE REGISTRO DE SOCIOS VIGENTES</h4>\n                    </div>\n                    <p>\n                      La Subdirectora de Formalización del Servicio Nacional de\n                      Emprendimiento y de Pequeños Negocios\n                      <b>&nbsp;“SENPRENDE\", HACE CONSTAR:&nbsp;</b> Que en fecha\n                      23/07/2024, se solicitó Constancia de\n                      Socios vigentes de la <b>“CAJA RURAL DE AHORRO Y CREDITO FRIJOLES ACOSTADOS”</b>\n                      con domicilio en \n      EL CASERIO CAMPO DE ATERRIZAJE, ALDEA AMAPALA,\n       MUNICIPIO DE AMAPALA, DEPARTAMENTO DE VALLE, inscrita en el\n                      <b\n                        >&nbsp;Tomo 12, Folio 12&nbsp;</b\n                      >\n                      del libro que para tal efecto lleva el Servicio Nacional de\n                      Emprendimiento y de Pequeños Negocios (SENPRENDE) como una\n                      Empresa de Economía Social de PRIMER GRADO, a través de la Solicitud\n                      <b>&nbsp;No. SG-PJ-P-0080-2024&nbsp;</b> de fecha\n                      23/07/2024, la cual fue aprobada mediante\n                      Resolución Favorable\n                      <b>&nbsp;No. FSSE-PJ-P-0100-2024&nbsp;</b> de\n                      fecha 23/07/2024, cumpliendo con lo establecido en el\n                      Artículo 29 literal (o), del Reglamento de la Ley del Sector\n                      Social de la Economía.\n                    </p>\n    \n                    <div style=\"text-align: center\">\n                      <b><u>SOCIOS VIGENTES</u></b>\n                    </div>\n                    <div style=\"width: 100%\">\n                      <table style=\"width: 100%; border-collapse: collapse\"\n                      border=\"solid\">\n                        <thead>\n                          <tr>\n                            <th>No.</th>\n                            <th>Nombre</th>\n                            <th>No. Identidad</th>\n                          </tr>\n                        </thead>\n                        <tbody>\n                          \n                          <tr>\n                            <th>1</th>\n                            <th>\n                              LAURA FERNANDEZ\n                            </th>\n                            <th>6789-0123-45678</th>\n                          </tr>\n                          \n                          <tr>\n                            <th>2</th>\n                            <th>\n                              MARIA VALENTINA LOPEZ\n                            </th>\n                            <th>2345-6789-01234</th>\n                          </tr>\n                          \n                          <tr>\n                            <th>3</th>\n                            <th>\n                              ELENA DIAS\n                            </th>\n                            <th>1234-5678-90120</th>\n                          </tr>\n                          \n                          <tr>\n                            <th>4</th>\n                            <th>\n                              CARMEN RAMIREZ\n                            </th>\n                            <th>8901-2345-67890</th>\n                          </tr>\n                          \n                          <tr>\n                            <th>5</th>\n                            <th>\n                              JOSE SANCHEZ\n                            </th>\n                            <th>7890-1234-56789</th>\n                          </tr>\n                          \n                          <tr>\n                            <th>6</th>\n                            <th>\n                              PEDRO TORRES\n                            </th>\n                            <th>9012-3456-78901</th>\n                          </tr>\n                          \n                          <tr>\n                            <th>7</th>\n                            <th>\n                              CARLOS GONZALES\n                            </th>\n                            <th>3456-7890-12345</th>\n                          </tr>\n                          \n                          <tr>\n                            <th>8</th>\n                            <th>\n                              JUAN  PEREZ\n                            </th>\n                            <th>1234-5678-90123</th>\n                          </tr>\n                          \n                          <tr>\n                            <th>9</th>\n                            <th>\n                              ANA MARTINEZ\n                            </th>\n                            <th>4567-8901-23456</th>\n                          </tr>\n                          \n                          <tr>\n                            <th>10</th>\n                            <th>\n                              LUIS RODRIGUEZ\n                            </th>\n                            <th>5678-9012-34567</th>\n                          </tr>\n                          \n                        </tbody>\n                      </table>\n                    </div>\n                    <p>\n                      Para los fines que al interesado convengan, se le extiende la\n                      presente Constancia en la Ciudad de Tegucigalpa, Municipio del\n                      Distrito Central, 31 de jul. del 2024 a las 3:49 pm.\n                    </p>\n                    <div style=\"margin-top: 5rem; text-align: center\">\n                      <strong>___________________________________________</strong>\n                      <p>\n                        LIC. ROSA ANGELICA FAJARDO BONILLA <br />\n                        SUBDIRECTORA DE FORMALIZACION\n                      </p>\n                    </div>\n                    <div style=\"text-align: center; margin-top: 5rem\">\n                      <img\n                        src=\"data:image/png;base64,iVBORw0KGgoAAAANSUhEUgAAAMQAAADECAYAAADApo5rAAAAAklEQVR4AewaftIAAAkLSURBVO3BwYokS3AAQfdi/v+XXYsOSZwSiu5Z7RNhZn+w1vpfD2ut42GtdTystY6HtdbxsNY6HtZax8Na63hYax0Pa63jYa11PKy1joe11vGw1joe1lrHw1rr+OFDKn9TxaQyVUwqU8Wk8omKG5VvqphUbiq+SWWquFH5myo+8bDWOh7WWsfDWuv44csqvknlDZWp4qZiUpkqJpUblaliUrmp+ETFGypTxRsqU8VNxTepfNPDWut4WGsdD2ut44dfpvJGxScqJpWpYlK5UZkqJpUblZuKSeWmYqq4UbmpmFRuKr5J5Y2K3/Sw1joe1lrHw1rr+OE/rmJSmSpuKiaVqeKm4g2VSWWqmFRuVN6omFQ+oTJV/Jc9rLWOh7XW8bDWOn74j1O5UXmj4hMqb1RMKlPFTcUnKiaVqWJSmSr+P3lYax0Pa63jYa11/PDLKn5TxaRyU3GjMlVMKlPFTcUbFZPKTcWNylTxiYpJZap4o+Jf8rDWOh7WWsfDWuv44ctU/iaVqWJSuVGZKiaVqWJSmSomlaliUpkqbiomlaniDZWpYlKZKj6h8i97WGsdD2ut42GtddgfrENlqphUpopPqEwVb6jcVHxCZaqYVKaK/7KHtdbxsNY6HtZaxw8fUpkqblR+U8Wk8jepvFHxhspU8QmVm4pJZaqYVKaKG5WpYlJ5o+ITD2ut42GtdTystY4fvkxlqvhExY3KpHJT8YmKSeVfovJGxY3KJ1Q+UfE3Pay1joe11vGw1jrsD/5hKlPFGypTxaTyN1VMKlPFpPKJiknljYo3VKaKG5WpYlKZKn7Tw1rreFhrHQ9rreOHD6m8UTGpTBVTxY3KVDFVTCpTxaQyVUwqb1R8U8UbKt+kclPxRsWkMlVMKjcVn3hYax0Pa63jYa112B98QOUTFZPKTcU3qdxUTCo3FTcqU8UnVKaKG5Wp4ptU3qj4lzystY6HtdbxsNY6fviyikllqripuFGZKm5UpoqbipuKSeVG5UZlqphUporfpHJTMalMFW+oTBVvqEwVn3hYax0Pa63jYa112B98QOWNiknlN1VMKr+p4kblmyp+k8pNxaTyiYpJZaqYVKaKTzystY6HtdbxsNY67A8+oPKJin+Zyk3FpDJV3Ki8UTGpTBWTylQxqUwVk8onKt5QeaPimx7WWsfDWut4WGsdP/xlFZPKVDGpTBWfUHmj4o2KSWWqeKPiExU3Ff+SijdUpopPPKy1joe11vGw1jrsDz6gMlW8oXJTMancVLyhclPxhspNxY3KTcUbKlPFN6ncVNyo3FT8TQ9rreNhrXU8rLUO+4MPqNxUfEJlqphUpopJ5Y2KSeWmYlL5RMWNylQxqbxRMal8ouJG5TdVfOJhrXU8rLWOh7XW8cP/MZWbiknlRmWquFG5qZhUJpWp4hMqU8WNylTxiYpJ5Q2Vm4pJZaqYVKaKSeWbHtZax8Na63hYax0//B+ruFGZKm5U3qi4UbmpuFH5l6hMFZPKTcWkMlVMKjcVk8obFd/0sNY6HtZax8Na67A/+CKVb6qYVG4qJpWp4kZlqphU3qiYVKaKG5WbikllqphUpoo3VKaK36QyVfymh7XW8bDWOh7WWof9wQdUbipuVKaKSeUTFTcqU8UbKlPFGypTxY3KGxWTylQxqUwVb6hMFZPKTcX/pYe11vGw1joe1lrHDx+qeEPljYpJ5aZiUrmpmFTeqJhUbiqmihuVqWJSmSpuKj6hMlW8UTGp3KhMFZPKVPGJh7XW8bDWOh7WWof9wQdUpopJ5abiRuVvqphUpopJZaq4UbmpuFG5qfhNKjcVk8pU8YbKTcU3Pay1joe11vGw1jp++DKVqWJSeaNiUrmpmFSmiknlpuINlZuKG5Wp4qZiUpkqJpU3KqaKSeUTKlPFTcWkMlV84mGtdTystY6HtdZhf/BFKm9UTCpvVEwq31QxqUwVk8pUMalMFZPKTcUbKjcVb6jcVEwqNxWTylQxqdxUfOJhrXU8rLWOh7XW8cOXVUwqn6iYVN6ouFH5hMpUMam8UfE3qUwVb1TcVNyo3KhMFZPKNz2stY6HtdbxsNY6fvhlFZPKpDJVTCo3Kjcqv6nipmJSmVSmihuVqWJSmSomld+kMlVMKlPFpDJVTCq/6WGtdTystY6Htdbxw4dUpopJ5abipuKbVKaKG5Wp4kZlqpgqJpUblaliUpkqPqHyTSpTxaQyVbxR8U0Pa63jYa11PKy1jh++TOUNlaliUrmpmFRuKm5UblRuKiaVqeJGZaq4qbhRmSomlaliUvlExaTyhsqNylTxiYe11vGw1joe1lrHD39ZxY3KVDGp3FRMKjcqNxWTylQxqUwVNxU3KjcVk8pUMal8omJSmSomlaliUnmj4jc9rLWOh7XW8bDWOuwPPqDyTRWTylTxm1Q+UTGpTBWTylQxqUwVk8obFTcqU8Wk8psqJpWpYlKZKj7xsNY6HtZax8Na67A/+A9T+UTFpPJGxaQyVXxCZar4hMpUcaPyRsUbKjcVf9PDWut4WGsdD2ut44cPqfxNFZ+omFTeqJhUpooblaliUpkqJpWp4m+qmFRuVKaKf9nDWut4WGsdD2ut44cvq/gmlTcqfpPKVHGjMlVMKlPFGyo3FVPFpDJV3Ki8UfGbVKaKTzystY6HtdbxsNY6fvhlKm9UfEJlqvibVKaKSWWqmFTeqLhRmSpuVD6h8ptUpopvelhrHQ9rreNhrXX88P+cylQxVUwqU8WkMqlMFZPKVHFTMam8oTJVTCo3FW+oTBU3KlPFpHJT8Zse1lrHw1rreFhrHT/8x1W8oTJVfKJiUrlReaPijYpPqEwVk8qNylRxozJVTCpTxaQyVXziYa11PKy1joe11vHDL6v4m1RuKt5QmSpuKiaVm4p/ScWkclNxozJVTCqTylTxNz2stY6HtdbxsNY6fvgylb9JZaqYVG5UpopJ5UZlqnhDZaqYVD5R8YmKSWVSmSqmijcqJpWpYqr4poe11vGw1joe1lqH/cFa6389rLWOh7XW8bDWOh7WWsfDWut4WGsdD2ut42GtdTystY6HtdbxsNY6HtZax8Na63hYax0Pa63jfwAD6wKRI53MZgAAAABJRU5ErkJggg==\"\n                        style=\"\n                          width: 128px;\n                          height: 128px;\n                          margin: 0 auto;\n                          display: block;\n                        \"\n                      />\n                      <small\n                        >*Escanea el documento para verificar su validez*</small\n                      >\n                    </div>\n                  </div>\n                </td>\n              </tr>\n            </tbody>\n            <tfoot>\n              <tr>\n                <td style=\"text-align: center; height: 100px\">&nbsp;</td>\n              </tr>\n            </tfoot>\n          </table>\n          <footer style=\"text-align: center; opacity: 60%\">\n            <img\n              src=\"https://devsse.senprende.hn/images/footer_logos.jpg\"\n              width=\"72%\"\n            />\n            <div>\n              <small style=\"font-weight: bold; font-size: 12px; color: grey\">\n                Boulevard Juan Pablo II, Centro Cívico Gubernamental, Torre 2,\n                Niveles Nº 12 y Nº 21, Tegucigalpa. <br />\n                UPEG.R.01 | Revisión 10 | julio del 2024</small\n              >\n            </div>\n          </footer>\n        </main>\n      </body>\n    </html>    \n  '),(56,1,'\n    <!DOCTYPE html>\n    <html lang=\"es\">\n      <head>\n        <meta charset=\"UTF-8\" />\n        <meta http-equiv=\"X-UA-Compatible\" content=\"IE=edge\" />\n        <meta name=\"viewport\" content=\"width=device-width, initial-scale=1.0\" />\n        <title>\n          Constancia de inscripción de junta directiva y junta fiscalizadora\n        </title>\n        <style>\n          * {\n            font-family: Arial, Helvetica, sans-serif;\n            box-sizing: border-box;\n          }\n    \n          body {\n            box-sizing: border-box;\n            background-size: cover;\n            padding: 0 !important;\n            margin: 0 !important;\n          }\n    \n          footer {\n            position: fixed;\n            bottom: 0;\n            width: 8.5in;\n            padding-bottom: 5mm;\n          }\n    \n          @page {\n            padding: 0;\n            margin: 0;\n          }\n        </style>\n      </head>\n      <body>\n        <img\n          src=\"http://localhost:3100/images/water_mark_blank_new.jpg\"\n          style=\"position: fixed; top: 0; left: 0; width: 100%; height: 100%\"\n        />\n        <!-- UNA PAGINA -->\n        <main style=\"height: 14in; width: 8.5in; position: relative\">\n          <table>\n              <thead>\n              <tr>\n                <td>\n                  <div\n                    style=\"\n                      display: flex;\n                      justify-content: space-between;\n                      padding: 10mm 20mm;\n                      align-items: center;\n                      opacity: 60%;\n                    \"\n                  >\n                    <img\n                      src=\"http://localhost:3100/images/logo_honduras_emprende_solidaria.jpg\"\n                      width=\"156px\"\n                      height=\"64px\"\n                    />\n                    <div>\n                      <img\n                        src=\"http://localhost:3100/images/gob_logo.png\"\n                        width=\"64px\"\n                        height=\"56px\"\n                      />\n                      <img\n                        src=\"http://localhost:3100/images/logo_senprende.jpg\"\n                        width=\"116px\"\n                        height=\"56px\"\n                      />\n                    </div>\n                  </div>\n                </td>\n              </tr>\n            </thead>\n            <tbody>\n              <tr>\n                <td>\n                  <div class=\"content\" style=\"text-align: justify; margin: 0 5rem\">\n                    <div style=\"text-align: center\">\n                      <h3>\n                        SERVICIO NACIONAL DE EMPRENDIMIENTO Y DE PEQUEÑOS NEGOCIOS\n                        (SENPRENDE)\n                      </h3>\n                      <h4>\n                        <b\n                          >CONSTANCIA DE INSCRIPCIÓN JUNTA DIRECTIVA Y JUNTA\n                          FISCALIZADORA</b\n                        >\n                      </h4>\n                    </div>\n                    <p>\n                      La Subdirectora de Formalización del Servicio Nacional de\n                      Emprendimiento y de Pequeños Negocios\n                      <b>“SENPRENDE”, HACE CONSTAR:</b> Que en fecha\n                      24/07/2024, se solicitó Constancia de Inscripción de\n                      Junta Directiva y Junta Fiscalizadora, para el período\n                      comprendido entre el 24/07/2024 al 24/07/2026, de la\n                      <b>“CAJA RURAL DE AHORRO Y CREDITO EL BICHO”,</b> con domicilio\n                      en \n      EL CASERIO LEJAMANI, ALDEA LEJAMANI,\n       MUNICIPIO DE LEJAMANI, DEPARTAMENTO DE COMAYAGUA,\n                      inscrita en el\n                      <b\n                        >Tomo 123, Folio 312</b\n                      >\n                      del libro que para tal efecto lleva el Servicio Nacional de\n                      Emprendimiento y de Pequeños Negocios (SENPRENDE), como una\n                      Empresa de Economía Social de PRIMER GRADO, a través de la Solicitud\n                      <b>No. SG-PJ-P-0083-2024</b> de fecha\n                      24/07/2024,\n                      la cual fue aprobada mediante Resolución Favorable\n                      <b>No. FSSE-PJ-P-0103-2024</b> de fecha\n                      24/07/2024, cumpliendo con lo establecido en el Artículo 29 literal\n                      (o), del Reglamento de la Ley del Sector Social de la Economía\n                      (adjuntando Certificación de Punto de Acta y Listado de\n                      Participantes en la Asamblea), quedando integrada de la\n                      siguiente manera <br /><br />\n                    </p>\n                    <div style=\"text-align: center\">\n                      <p><b>JUNTA DIRECTIVA</b></p>\n                    </div>\n                    <div style=\"width: 100%; font-size: 80%;\">\n                      <table style=\"width: 100%; border-collapse: collapse\"\n                      border=\"solid\">\n                        <thead>\n                          <tr>\n                            <th style=\"width: 5%; text-align: center\">No.</th>\n                            <th style=\"width: 25%; text-align: center\">Cargo</th>\n                            <th style=\"width: 45%; text-align: center\">Nombre</th>\n                            <th style=\"width: 20%; text-align: center\">\n                              No. Identidad\n                            </th>\n                            <th style=\"width: 5%; text-align: center\">\n                              Duración en años\n                            </th>\n                          </tr>\n                        </thead>\n                        <tbody>\n                          \n                                <tr>\n                                  <td style=\"text-align: center\">1</td>\n                                  <td>PRESIDENTE</td>\n                                  <td>JOSE LUIS\n                                    MARTINEZ SILVA\n                                  </td>\n                                  <td>\n                                    0309-1962-00032\n                                  </td>\n                                  <td style=\"text-align: center\">2</td>\n                                </tr>\n                              \n                                <tr>\n                                  <td style=\"text-align: center\">2</td>\n                                  <td>VICEPRESIDENTE</td>\n                                  <td>CRISTHIAN JOSUE\n                                    MARTINEZ LARA\n                                  </td>\n                                  <td>\n                                    0309-1999-00084\n                                  </td>\n                                  <td style=\"text-align: center\">2</td>\n                                </tr>\n                              \n                                <tr>\n                                  <td style=\"text-align: center\">3</td>\n                                  <td>SECRETARIO(A)</td>\n                                  <td>SUYAPA\n                                    ZELAYA\n                                  </td>\n                                  <td>\n                                    0309-1976-00092\n                                  </td>\n                                  <td style=\"text-align: center\">2</td>\n                                </tr>\n                              \n                                <tr>\n                                  <td style=\"text-align: center\">4</td>\n                                  <td>TESORERO(A)</td>\n                                  <td>SAN DINA\n                                    MARTINEZ\n                                  </td>\n                                  <td>\n                                    0390-9231-23123\n                                  </td>\n                                  <td style=\"text-align: center\">2</td>\n                                </tr>\n                              \n                                <tr>\n                                  <td style=\"text-align: center\">5</td>\n                                  <td>VOCAL I</td>\n                                  <td>MARIO\n                                    PEREZ\n                                  </td>\n                                  <td>\n                                    0309-2001-00834\n                                  </td>\n                                  <td style=\"text-align: center\">2</td>\n                                </tr>\n                              \n                        </tbody>\n                      </table>\n                    </div>\n    \n                    <div style=\"text-align: center; margin-top: 1rem\">\n                      <p>\n                        <b>JUNTA FISCALIZADORA</b>\n                      </p>\n                    </div>\n                    <div style=\"width: 100%; font-size: 80%;\">\n                      <table style=\"width: 100%; border-collapse: collapse\"\n                      border=\"solid\">\n                        <thead>\n                          <tr>\n                            <th style=\"width: 5%;text-align: center\">No.</th>\n                            <th style=\"width: 25%;text-align: center\">Cargo</th>\n                            <th style=\"width: 45%;text-align: center\">Nombre</th>\n                            <th style=\"width: 20%;text-align: center\">No. Identidad</th>\n                            <th style=\"width: 5%;text-align: center\">Duración en años</th>\n                          </tr>\n                        </thead>\n                        <tbody>\n                        \n                              <tr>\n                                <td style=\"text-align: center\">1</td>\n                                <td>PRESIDENTE</td>\n                                <td>LUIS ENRIQUE\n                                  RODRIGUEZ MEDINA\n                                </td>\n                                <td>\n                                  0309-1999-00090\n                                </td>\n                                <td style=\"text-align: center\">2</td>\n                              </tr>\n                            \n                              <tr>\n                                <td style=\"text-align: center\">2</td>\n                                <td>SECRETARIO(A)</td>\n                                <td>ROGER\n                                  ESPINOZA\n                                </td>\n                                <td>\n                                  1201-9032-90932\n                                </td>\n                                <td style=\"text-align: center\">2</td>\n                              </tr>\n                            \n                              <tr>\n                                <td style=\"text-align: center\">3</td>\n                                <td>VOCAL I</td>\n                                <td>MARIAN DALILA\n                                  CALIX GARCIA\n                                </td>\n                                <td>\n                                  0309-2000-00090\n                                </td>\n                                <td style=\"text-align: center\">2</td>\n                              </tr>\n                            \n                      </tbody>\n                      </table>\n                    </div>\n                    <p>\n                      Para los fines que al interesado convengan, se le extiende la\n                      presente Constancia en la Ciudad de Tegucigalpa, Municipio del\n                      Distrito Central, 31 de jul. del 2024 a las 3:36 pm.\n                    </p>\n    \n                    <div style=\"text-align: center; margin-top: 5rem\">\n                      <strong>___________________________________________</strong>\n                      <p>\n                        LIC. ROSA ANGELICA FAJARDO BONILLA <br />\n                        SUBDIRECTORA DE FORMALIZACION\n                      </p>\n                    </div>\n                    <div style=\"text-align: center; margin-top: 5rem\">\n                      <img\n                        src=\"data:image/png;base64,iVBORw0KGgoAAAANSUhEUgAAAMQAAADECAYAAADApo5rAAAAAklEQVR4AewaftIAAAjISURBVO3BQYolyZIAQdUg739lnWIWjq0cgvcqu/tjIvYHa63/97DWOh7WWsfDWut4WGsdD2ut42GtdTystY6HtdbxsNY6HtZax8Na63hYax0Pa63jYa11PKy1jh8+pPKbKiaVqeJGZaqYVG4qPqEyVfxNKlPFpPJGxaQyVUwqv6niEw9rreNhrXU8rLWOH76s4ptUPqFyozJVTCo3KjcVU8WNyhsVk8obFb+p4ptUvulhrXU8rLWOh7XW8cNfpvJGxRsVk8pUcaPyhspNxaTyTRWTyj+p4hMqb1T8TQ9rreNhrXU8rLWOH/7jVL5JZaqYVD5RcaPyiYo3VG4qblSmiv+yh7XW8bDWOh7WWscP/3EVk8qk8kbFpHJTMancqEwVU8UnVD5RMancVPwveVhrHQ9rreNhrXX88JdV/KaKN1Q+oTJV3KhMKlPFpDJV3FRMKlPFpDKpvKEyVbxR8W/ysNY6HtZax8Na6/jhy1R+k8pUMalMFZ+omFRuVKaKSeXfpGJSmSomlTdU/s0e1lrHw1rreFhrHfYH/2EqU8WNylQxqUwVb6hMFZPKVHGjclPxhso3VfwveVhrHQ9rreNhrXX88CGVqWJSuamYVN6oeKPim1RuVKaKSeUTKlPFpDJVTCpvVLyhMlXcqEwVk8pNxSce1lrHw1rreFhrHT/8ZRWTyhsVk8qNylRxozJVTCo3FTcqk8pNxaTyhsonKiaVSeWNiknlpmJSuan4poe11vGw1joe1lqH/cFfpPKbKiaVNypuVG4qPqHyiYpJZap4Q2WqmFSmikllqnhD5abimx7WWsfDWut4WGsdP3xIZar4pooblZuKSeVG5Y2KG5WbiqliUrmpmFTeUJkqpopJ5UblDZWpYqqYVP6mh7XW8bDWOh7WWscPH6q4qbhRuVGZKm5U3qj4hMobFZ+oeKPiDZWp4qbiExWTyj/pYa11PKy1joe11vHDh1SmiknlpuI3VdyoTBW/SeVGZaqYKiaV36RyU3FTMan8poe11vGw1joe1lqH/cEHVH5TxSdUPlFxozJVfEJlqphUbireUJkqJpWbihuVqeJG5Y2KTzystY6HtdbxsNY67A/+h6hMFZ9Qual4Q+WNihuVqeJGZaq4UZkqJpVPVEwqU8VvelhrHQ9rreNhrXX88CGVqWJSuam4UZkqJpWp4kblm1S+qWJSeUPlpuITKlPFJ1TeUJkqvulhrXU8rLWOh7XWYX/wRSpTxY3KVHGjMlV8QmWqmFSmiknlpuITKjcVNyo3Ff8mKm9UfNPDWut4WGsdD2ut44cPqUwVb1TcqEwVb6jcVEwqU8VNxaTyhspNxY3KP0nlpuJG5abiNz2stY6HtdbxsNY6fvhQxaRyU3GjMlW8oTJVTCrfpDJVfKJiUpkqpopJ5RMqNxVTxY3KTcWkMqncVHzTw1rreFhrHQ9rrcP+4ItU3qi4UZkq3lCZKiaVqWJSuam4UbmpuFG5qZhUflPFpPKJijdUpopPPKy1joe11vGw1jp++JDKVHGjMqncVLyhMlVMKjcqU8UbKm+ofFPFGypTxaTym1Smiknlb3pYax0Pa63jYa11/PDLKiaVqWJS+U0VNypTxU3FjcpUcaNyo3JT8UbFJyomlaniRuWm4pse1lrHw1rreFhrHT/8wyomlaliUpkqJpWbiknlRuVGZaqYVD6h8k9SuamYKj6hMlX8poe11vGw1joe1lrHD/8yFZPKjcpUMancVEwqU8UbKjcVb1T8TRWTylQxqXyiYlKZKiaVqWJSmSo+8bDWOh7WWsfDWuv44V9GZaq4UZlUpopJ5aZiUnmj4kZlqrhRmSreqJhUfpPKVDFVTCo3Kn/Tw1rreFhrHQ9rreOHD1VMKlPFjcqNyk3FpDKpfFPFGyo3KlPFVPFGxaQyVUwqU8WkcqMyVXxTxY3KNz2stY6HtdbxsNY67A++SOUTFW+o3FR8QuWNihuVNyomlZuKSeWNihuVNyreUJkqftPDWut4WGsdD2ut44cPqbxRcaPyb1JxozKpvFExqdxU3KhMFZPKVHGjclMxqdyofEJlqvimh7XW8bDWOh7WWscPH6q4UZlUpoqbikllqphUPqFyUzFV3Ki8UfGGylQxqXxTxU3FGxWTyk3FpDJVfOJhrXU8rLWOh7XWYX/wAZWpYlL5X1bxCZWp4kblpuJGZaqYVKaKG5WpYlL5poq/6WGtdTystY6HtdZhf/CLVKaKv0nlpmJSmSreUJkqblSmikllqphUpopJZaqYVN6ouFG5qbhReaPimx7WWsfDWut4WGsdP3yZylQxVbyh8omKb1KZKt5QuVGZKiaVqeKbKiaVSeUTKp+omFSmik88rLWOh7XW8bDWOuwP/sNUbipuVN6omFSmikllqphUpopJZar4JpWbihuVqeINlaniRuWm4hMPa63jYa11PKy1jh8+pPKbKn5TxaQyVUwqU8UbKjcqNxWTylQxVdyofEJlqnhD5abimx7WWsfDWut4WGsdP3xZxTepfEJlqpgqJpWbipuKSWWq+ETFpDKp3KjcVEwVk8obFZ+omFT+poe11vGw1joe1lrHD3+ZyhsVb1TcqLxRMam8UfFGxaTyRsU3qUwVU8WkMql8k8pUMalMFZ94WGsdD2ut42GtdfzwH6dyU/E3VbyhMlVMFW+oTBU3Km+o3FR8QmVSuVGZKr7pYa11PKy1joe11vHD/5iKSeWmYlKZKiaVG5WpYlKZVKaKSWWqmComlZuKSWWqeENlqrhRmSomlTdUpopPPKy1joe11vGw1jp++Msq/qaKm4pJZVKZKiaVqeJvUpkqblSmijcq3lB5Q2WqmFRuKiaVqeKbHtZax8Na63hYax0/fJnKb1J5o+JG5UblpuJvUrlRual4Q+UTFTcVk8o/6WGtdTystY6HtdZhf7DW+n8Pa63jYa11PKy1joe11vGw1joe1lrHw1rreFhrHQ9rreNhrXU8rLWOh7XW8bDWOh7WWsfDWuv4P3JxivGuBIH3AAAAAElFTkSuQmCC\"\n                        style=\"\n                          width: 128px;\n                          height: 128px;\n                          margin: 0 auto;\n                          display: block;\n                        \"\n                      />\n                      <small\n                        >*Escanea el documento para verificar su validez*</small\n                      >\n                    </div>\n                  </div>\n                </td>\n              </tr>\n            </tbody>\n            <tfoot>\n              <tr>\n                <td style=\"text-align: center; height: 100px\">&nbsp;</td>\n              </tr>\n            </tfoot>\n          </table>\n          <footer style=\"text-align: center; opacity: 60%\">\n            <img\n              src=\"http://localhost:3100/images/footer_logos.jpg\"\n              width=\"72%\"\n            />\n            <div>\n              <small style=\"font-weight: bold; font-size: 12px; color: grey\">\n                Boulevard Juan Pablo II, Centro Cívico Gubernamental, Torre 2,\n                Niveles Nº 12 y Nº 21, Tegucigalpa. <br />\n                UPEG.R.01 | Revisión 10 | julio del 2024</small\n              >\n            </div>\n          </footer>\n        </main>\n      </body>\n    </html>    \n  '),(57,2,'{\"pageMargins\":[61,90,61,80],\"header\":{\"stack\":[{\"text\":\"Referencia: 1722614048304\",\"alignment\":\"right\",\"margin\":[4,4],\"font\":\"Arial\",\"fontSize\":10},{\"columns\":[{\"image\":\"public/images/logo_honduras_emprende_solidaria.jpg\",\"width\":118,\"height\":48,\"opacity\":0.55,\"alignment\":\"left\"},{\"width\":\"*\",\"text\":\"\"},{\"columns\":[{\"width\":\"*\",\"text\":\"\"},{\"image\":\"public/images/gob_logo.png\",\"width\":48,\"height\":43,\"marginRight\":2},{\"image\":\"public/images/logo_senprende.jpg\",\"width\":87,\"height\":42,\"opacity\":0.55}],\"alignment\":\"right\"}],\"marginLeft\":61,\"marginRight\":61,\"marginTop\":15}]},\"content\":[{\"text\":\"SERVICIO NACIONAL DE EMPRENDIMIENTO Y DE PEQUEÑOS NEGOCIOS\",\"bold\":true,\"fontSize\":14,\"alignment\":\"center\",\"margin\":[0,48,0,26]},{\"text\":\"SENPRENDE \\nSUBDIRECCIÓN DE FORMALIZACIÓN\\nINFORME DE DENOMINACIÓN\",\"bold\":true,\"fontSize\":12,\"alignment\":\"center\"},{\"text\":[\"La Sub Dirección de Formalización, INFORMA: Que, en los libros de registro de las empresas y organizaciones del Sector Social de la Economía, NO SE ENCUENTRA REGISTRADA la \",{\"text\":\"“ASOCIACIÓN GUANGOLOLO STORE”\",\"bold\":true},\"con domicilio en EL CASERIO HACDA. ALTAMIRA, ALDEA BIJAGUAL, MUNICIPIO DE JUTICALPA, DEPARTAMENTO DE OLANCHO, cuya actividad principal y única será PRODUCCIÓN, INDUSTRIALIZACIÓN, TRANSFORMACIÓN Y COMERCIALIZACIÓN DE UN PRODUCTO O MATERIA PRIMA. en virtud de lo anterior es procedente continuar el trámite de la personeria jurídica bajo dicha denominación, conforme a lo establecido en el Artículo 72 de la Ley de Procedimiento Administrativo y Artículo 8 del Reglamento de la Ley del Sector Social de la Economía. Dicha Constancia tendrá vigencia por un período de sesenta días a partir de la fecha.\",{\"text\":[\"\\n\\nDado en la ciudad de Tegucigalpa M.D.C, 24/07/2024.\"],\"marginTop\":15}],\"marginTop\":20,\"lineHeight\":1,\"alignment\":\"justify\"},{\"canvas\":[{\"type\":\"line\",\"x1\":0,\"y1\":0,\"x2\":280,\"y2\":0,\"lineWidth\":0.8}],\"alignment\":\"center\",\"marginTop\":130},{\"text\":\"LIC. ROSA ANGELICA FAJARDO BONILLA\\nSUBDIRECTORA DE FORMALIZACION\",\"marginTop\":15,\"alignment\":\"center\"},{\"image\":\"public/images/firma.png\",\"width\":170,\"alignment\":\"center\",\"opacity\":0.9,\"absolutePosition\":{\"x\":85,\"y\":475}},{\"stack\":[{\"qr\":\"https://devsse.senprende.hn/\",\"fit\":97,\"alignment\":\"center\",\"marginTop\":68},{\"text\":\"*Escanea el documento para verificar su validez*\",\"alignment\":\"center\",\"fontSize\":10,\"marginTop\":10}]}],\"footer\":{\"stack\":[{\"image\":\"public/images/footer_logos.jpg\",\"alignment\":\"center\",\"width\":450,\"opacity\":0.5,\"margin\":[0,0]},{\"text\":\"Boulevard Juan Pablo II, Centro Cívico Gubernamental, Torre 2, Niveles Nº 12 y Nº 21 Tegucigalpa. \\nUPEG.R.01 | Revisión 10 | julio del 2024\",\"alignment\":\"center\",\"lineHeight\":1.1,\"fontSize\":9,\"color\":\"gray\",\"bold\":true,\"marginTop\":5}]},\"defaultStyle\":{\"font\":\"Arial\"},\"pageSize\":\"LEGAL\",\"background\":[{\"image\":\"public/images/water_mark_blank_new.jpg\",\"width\":612,\"height\":1008.126}]}'),(58,2,'{\"pageMargins\":[61,90,61,80],\"header\":{\"stack\":[{\"text\":\"Referencia: 1722614082360\",\"alignment\":\"right\",\"margin\":[4,4],\"font\":\"Arial\",\"fontSize\":10},{\"columns\":[{\"image\":\"public/images/logo_honduras_emprende_solidaria.jpg\",\"width\":118,\"height\":48,\"opacity\":0.55,\"alignment\":\"left\"},{\"width\":\"*\",\"text\":\"\"},{\"columns\":[{\"width\":\"*\",\"text\":\"\"},{\"image\":\"public/images/gob_logo.png\",\"width\":48,\"height\":43,\"marginRight\":2},{\"image\":\"public/images/logo_senprende.jpg\",\"width\":87,\"height\":42,\"opacity\":0.55}],\"alignment\":\"right\"}],\"marginLeft\":61,\"marginRight\":61,\"marginTop\":15}]},\"content\":[{\"text\":\"SERVICIO NACIONAL DE EMPRENDIMIENTO Y DE PEQUEÑOS NEGOCIOS\",\"bold\":true,\"fontSize\":14,\"alignment\":\"center\",\"margin\":[0,48,0,26]},{\"text\":\"SENPRENDE \\nSUBDIRECCIÓN DE FORMALIZACIÓN\\nINFORME DE DENOMINACIÓN\",\"bold\":true,\"fontSize\":12,\"alignment\":\"center\"},{\"text\":[\"La Sub Dirección de Formalización, INFORMA: Que, en los libros de registro de las empresas y organizaciones del Sector Social de la Economía, NO SE ENCUENTRA REGISTRADA la \",{\"text\":\"“ASOCIACIÓN GUANGOLOLO STORE”\",\"bold\":true},\"con domicilio en EL CASERIO HACDA. ALTAMIRA, ALDEA BIJAGUAL, MUNICIPIO DE JUTICALPA, DEPARTAMENTO DE OLANCHO, cuya actividad principal y única será PRODUCCIÓN, INDUSTRIALIZACIÓN, TRANSFORMACIÓN Y COMERCIALIZACIÓN DE UN PRODUCTO O MATERIA PRIMA. en virtud de lo anterior es procedente continuar el trámite de la personeria jurídica bajo dicha denominación, conforme a lo establecido en el Artículo 72 de la Ley de Procedimiento Administrativo y Artículo 8 del Reglamento de la Ley del Sector Social de la Economía. Dicha Constancia tendrá vigencia por un período de sesenta días a partir de la fecha.\",{\"text\":[\"\\n\\nDado en la ciudad de Tegucigalpa M.D.C, 24/07/2024.\"],\"marginTop\":15}],\"marginTop\":20,\"lineHeight\":1,\"alignment\":\"justify\"},{\"canvas\":[{\"type\":\"line\",\"x1\":0,\"y1\":0,\"x2\":280,\"y2\":0,\"lineWidth\":0.8}],\"alignment\":\"center\",\"marginTop\":130},{\"text\":\"LIC. ROSA ANGELICA FAJARDO BONILLA\\nSUBDIRECTORA DE FORMALIZACION\",\"marginTop\":15,\"alignment\":\"center\"},{\"image\":\"public/images/firma.png\",\"width\":170,\"alignment\":\"center\",\"opacity\":0.9,\"absolutePosition\":{\"x\":85,\"y\":475}},{\"stack\":[{\"qr\":\"https://devsse.senprende.hn/\",\"fit\":97,\"alignment\":\"center\",\"marginTop\":68},{\"text\":\"*Escanea el documento para verificar su validez*\",\"alignment\":\"center\",\"fontSize\":10,\"marginTop\":10}]}],\"footer\":{\"stack\":[{\"image\":\"public/images/footer_logos.jpg\",\"alignment\":\"center\",\"width\":450,\"opacity\":0.5,\"margin\":[0,0]},{\"text\":\"Boulevard Juan Pablo II, Centro Cívico Gubernamental, Torre 2, Niveles Nº 12 y Nº 21 Tegucigalpa. \\nUPEG.R.01 | Revisión 10 | julio del 2024\",\"alignment\":\"center\",\"lineHeight\":1.1,\"fontSize\":9,\"color\":\"gray\",\"bold\":true,\"marginTop\":5}]},\"defaultStyle\":{\"font\":\"Arial\"},\"pageSize\":\"LEGAL\",\"background\":[{\"image\":\"public/images/water_mark_blank_new.jpg\",\"width\":612,\"height\":1008.126}]}'),(59,2,'{\"pageMargins\":[61,90,61,80],\"header\":{\"stack\":[{\"text\":\"Referencia: 1722614111915\",\"alignment\":\"right\",\"margin\":[4,4],\"font\":\"Arial\",\"fontSize\":10},{\"columns\":[{\"image\":\"public/images/logo_honduras_emprende_solidaria.jpg\",\"width\":118,\"height\":48,\"opacity\":0.55,\"alignment\":\"left\"},{\"width\":\"*\",\"text\":\"\"},{\"columns\":[{\"width\":\"*\",\"text\":\"\"},{\"image\":\"public/images/gob_logo.png\",\"width\":48,\"height\":43,\"marginRight\":2},{\"image\":\"public/images/logo_senprende.jpg\",\"width\":87,\"height\":42,\"opacity\":0.55}],\"alignment\":\"right\"}],\"marginLeft\":61,\"marginRight\":61,\"marginTop\":15}]},\"content\":[{\"text\":\"SERVICIO NACIONAL DE EMPRENDIMIENTO Y DE PEQUEÑOS NEGOCIOS\",\"bold\":true,\"fontSize\":14,\"alignment\":\"center\",\"margin\":[0,30,0,26]},{\"text\":\"SENPRENDE \\nSUBDIRECCIÓN DE FORMALIZACIÓN\\nINFORME DE DENOMINACIÓN\",\"bold\":true,\"fontSize\":12,\"alignment\":\"center\"},{\"text\":[\"La Sub Dirección de Formalización, INFORMA: Que, en los libros de registro de las empresas y organizaciones del Sector Social de la Economía, NO SE ENCUENTRA REGISTRADA la \",{\"text\":\"“ASOCIACIÓN GUANGOLOLO STORE”\",\"bold\":true},\"con domicilio en EL CASERIO HACDA. ALTAMIRA, ALDEA BIJAGUAL, MUNICIPIO DE JUTICALPA, DEPARTAMENTO DE OLANCHO, cuya actividad principal y única será PRODUCCIÓN, INDUSTRIALIZACIÓN, TRANSFORMACIÓN Y COMERCIALIZACIÓN DE UN PRODUCTO O MATERIA PRIMA. en virtud de lo anterior es procedente continuar el trámite de la personeria jurídica bajo dicha denominación, conforme a lo establecido en el Artículo 72 de la Ley de Procedimiento Administrativo y Artículo 8 del Reglamento de la Ley del Sector Social de la Economía. Dicha Constancia tendrá vigencia por un período de sesenta días a partir de la fecha.\",{\"text\":[\"\\n\\nDado en la ciudad de Tegucigalpa M.D.C, 24/07/2024.\"],\"marginTop\":15}],\"marginTop\":20,\"lineHeight\":1,\"alignment\":\"justify\"},{\"canvas\":[{\"type\":\"line\",\"x1\":0,\"y1\":0,\"x2\":280,\"y2\":0,\"lineWidth\":0.8}],\"alignment\":\"center\",\"marginTop\":130},{\"text\":\"LIC. ROSA ANGELICA FAJARDO BONILLA\\nSUBDIRECTORA DE FORMALIZACION\",\"marginTop\":15,\"alignment\":\"center\"},{\"image\":\"public/images/firma.png\",\"width\":170,\"alignment\":\"center\",\"opacity\":0.9,\"absolutePosition\":{\"x\":85,\"y\":475}},{\"stack\":[{\"qr\":\"https://devsse.senprende.hn/\",\"fit\":97,\"alignment\":\"center\",\"marginTop\":68},{\"text\":\"*Escanea el documento para verificar su validez*\",\"alignment\":\"center\",\"fontSize\":10,\"marginTop\":10}]}],\"footer\":{\"stack\":[{\"image\":\"public/images/footer_logos.jpg\",\"alignment\":\"center\",\"width\":450,\"opacity\":0.5,\"margin\":[0,0]},{\"text\":\"Boulevard Juan Pablo II, Centro Cívico Gubernamental, Torre 2, Niveles Nº 12 y Nº 21 Tegucigalpa. \\nUPEG.R.01 | Revisión 10 | julio del 2024\",\"alignment\":\"center\",\"lineHeight\":1.1,\"fontSize\":9,\"color\":\"gray\",\"bold\":true,\"marginTop\":5}]},\"defaultStyle\":{\"font\":\"Arial\"},\"pageSize\":\"LEGAL\",\"background\":[{\"image\":\"public/images/water_mark_blank_new.jpg\",\"width\":612,\"height\":1008.126}]}'),(60,1,'<!DOCTYPE html><html lang=\"es\"><head><meta charset=\"UTF-8\"><meta http-equiv=\"X-UA-Compatible\" content=\"IE=edge\"><meta name=\"viewport\" content=\"width=device-width,initial-scale=1\"><title>Constancia de notificación de renuncia.</title><style>*{font-family:Arial,Helvetica,sans-serif;box-sizing:border-box}body{box-sizing:border-box;background-size:cover;padding:0!important;margin:0!important}footer{position:fixed;bottom:0;width:8.5in;padding-bottom:5mm}@page{padding:0;margin:0}</style></head><body><img src=\"https://sse.senprende.hn/images/water_mark_blank.jpg\" style=\"position:fixed;top:0;left:0;width:100%;height:100%\"><main style=\"height:14in;width:8.5in;position:relative\"><table><thead><tr><td><div class=\"header-space\" style=\"display:flex;justify-content:space-between;padding:10mm 15mm;align-items:center\"><img src=\"https://sse.senprende.hn/images/honduras_emprende_logo.webp\" width=\"128px\" height=\"42px\"> <img src=\"https://sse.senprende.hn/images/senprende_gob_logos.jpg\" width=\"156px\" height=\"56px\"></div></td></tr></thead><tbody><tr><td><div class=\"content\" style=\"text-align:justify;margin:0 5rem\"><p>Recibido de la Secretaria General en fecha veinticinco (25) de abril del dos mil veintitres (2023) siendo las (09:58 AM) el expediente SG-PJ-P-0053-2023 constando de Noventa y Cinco (95) folios útiles.</p><p><b>SERVICIO NACIONAL DE EMPRENDIMIENTO Y DE PEQUEÑOS NEGOCIOS.– SUB DIRECCION DE FORMALIZACION.-&nbsp;</b>A los dos (2) días del mes de mayo del año dos mil veintitres (2023).</p><div style=\"text-align:center\"><p><b>&nbsp;DICTAMEN TECNICO LEGAL Nº DTL-P-0045-2023&nbsp;</b></p></div><p>Esta Sub Dirección de Formalización, en cumplimiento a lo ordenado en el acuerdo de delegación 014-2022, de fecha (ocho) 08 de junio del 2022, procede a emitir Dictamen técnico Legal en relación a la<b>&nbsp;“SE SOLICITA EL OTORGAMIENTO DE LA PERSONERIA JURIDICA, APROBACION DEL ACTA DE CONSTITUCION Y DE ESTATUTOS, INSCRIPCION EN EL REGISTRO DE EMPRESAS DEL SECTOR SOCIAL DE LA ECONOMIA; SE EMITA LA CONSTANCIA DE CUERPOS DIRECTIVOS, ASI COMO LA CONSTANCIA DE INSCRIPCION EN EL REGISTRO DE EMPRESAS DEL SECTOR SOCIAL DE LA ECONOMIA, APROBACION DEL ACTA DE CONSTITUCION Y DE ESTATUTOS Y CERTIFICACION DE LA PERSONERIA JURIDICA.- SE PRESENTAN DOCUMENTOS.- SE PRESENTA PODER.-”&nbsp;</b>, presentada por<b>&nbsp;JOSE ROQUE CRUZ LAGOS&nbsp;</b>en su condición de Apoderado Legal de la<b>&nbsp;EMPRESA DE SERVICIOS MÚLTIPLES LAS MERCEDES EL TABOR&nbsp;</b>con numero de expediente<b>&nbsp;SG-PJ-P-0053-2023&nbsp;</b>, de la manera siguiente:</p><p><b>PRIMERO:&nbsp;</b>Que mediante<b>&nbsp;Decreto Ejecutivo No. PCM 034-2019&nbsp;</b>, publicado en fecha dieciocho (18) de julio del dos mil diecinueve (2019), en el Diario Oficial La Gaceta No. 34,999, se creó el<b>&nbsp;Servicio Nacional de Emprendimiento y de Pequeños Negocios (SENPRENDE)&nbsp;</b>, como una entidad desconcentrada de la Presidencia de la República, con personalidad jurídica, independencia técnica, administrativa y financiera, con domicilio en la ciudad de Tegucigalpa M.D.C., departamento de Francisco Morazán, pudiendo establecer oficinas regionales en cualquier lugar del país y será responsable de la aplicación de la normativa de la micro, pequeña y mediana empresa, desarrollo del emprendimiento, de las empresas del Sector Social de la Economía y la innovación, así como los programas financieros de acceso al financiamiento asociados a estos sectores y que se rige por este Decreto y demás Leyes que por su naturaleza y similitud le sea aplicable.<br></p><p><b>SEGUNDO:&nbsp;</b>Que en fecha veinticinco (25) de abril del año dos mil veintitres (2023), se presentó ante la Secretaria General del Servicio Nacional de Emprendimiento y de Pequeños Negocios (SENPRENDE), la Solicitud de mérito, acompañando la documentación correspondiente. Que mediante auto de fecha veinticinco (25) de abril del año dos mil veintitres (2023), la Secretaría General de este Servicio Nacional de Emprendimiento y de Pequeños Negocios (SENPRENDE), ordenó que se remitieran las presentes diligencias a la Subdirección de Formalización a fin de efectuar el pronunciamiento conforme a lo solicitado.</p><p><b>TERCERO:&nbsp;</b>Que consta en el expediente de mérito, la documentación que se describe a continuación, misma que se analiza desde el punto de vista legal:</p><ol><li>Solicitud de fecha 20 de abril del año dos mil veintitrés (2023). (folio 01).</li><li>Carta poder de fecha 31 de marzo del año 2023. (folio 02).</li><li>Copia del carnet del colegiación del abogado JOSE ROQUE CRUZ LAGOS No 27691 (folio 03).</li><li>Informe de denominación de fecha 31 de marzo del año 2023 (folio 04).</li><li>Certificación de acta de constitución dé la EMPRESA DE SERVICIOS MULTIPLES LAS MERCEDES DEL TABOR. (folio 05 Y 06).</li><li>Listado de asistencia a asamblea constitutiva (folio 07 al 09).</li><li>Fotocopias de tarjetas de identidad de los socios (folio 10 al 42).&nbsp;</li><li>Certificación de estatutos de la EMPRESA DE SERVICIOS MULTIPLES LAS MERCEDES DEL TABOR (folio 43 al 63).</li><li>Estado de resultado de fecha 01 de enero al 31 de diciembre de la EMPRESA DE SERVICIOS MULTIPLES LAS MERCEDES DEL TABOR (folio 64 al 65).</li><li>Certificado de autenticidad No. 6097138 de fecha 15 de abril del año 2023 (folio 66).</li><li>Recibos tgr de fecha 31 de marzo del año dos mil veintitrés (2023) (folio 67).</li><li>Auto de fecha 25 de abril del año 2023 (folio 68).</li><li>Constancia de notificación de fecha 25 de abril del año 2023 (folio 69).</li><li>Auto de fecha 25 de abril del año 2023 (folio 70).</li><li>auto de impulso de fecha 25 de abril del año 2023 (folio 71).</li><li>Certificación de acta de constitución dé la EMPRESA DE SERVICIOS MULTIPLES LAS MERCEDES DEL TABOR. (folio 72 al 94).</li><li>Escrito de subsanación de fecha 28 de abril del 2023 (folio 95).</li></ol><p><br></p><p><b>CUARTO:&nbsp;</b>Que la Ley del Sector Social de la Economía en su artículo 3 establece que el Sector Social de la Economía estará integrado por aquellas empresas constituidas exclusivamente por trabajadores que, de acuerdo con las leyes, se dediquen a la producción, industrialización, comercialización, prestación de servicios, y otras actividades, que sean de beneficio común de sus asociados y contribuyan al desarrollo económico y social del país.</p><p><b>QUINTO:&nbsp;</b>Que el Reglamento de la Ley del Sector Social de la Economía define al Organismo de Primer Grado como aquella unidad socioeconómica de base integrada principalmente por personas naturales y personas jurídicas, que se asocian para la prestación de servicios y otras actividades afines. Así mismo, el<b>&nbsp;ARTÍCULO 48 ESTABLECE:&nbsp;</b>son organizaciones o empresas de primer grado las unidades socioeconómicas integradas, principalmente, por personas naturales, pudiendo afiliarse personas jurídicas, sin fines de lucro, Bajo este concepto, son organizaciones o empresas de primer grado las siguientes: a) Cooperativas. b) Empresas Asociativas Campesinas. c) Tiendas comunitarias de abastecimiento y consumo. d) Tiendas populares de abastecimiento. e) Planes cooperativos sindicales. f) Cajas de ahorro y crédito, en sus diferentes modalidades. g) Asociaciones y productores. h) Cajas comunales. i) Empresas de servicios múltiples. j) Empresas de economía social que surjan al interior de las centrales de trabajadores, centrales campesinas, organizaciones gremiales y organizaciones para el desarrollo (OPDS). k) Otras que surjan de conformidad a lo establecido en los artículos 7 y 8 de la Ley.</p><p><b>SEXTO:&nbsp;</b>Que los requisitos exigidos para la constitución de empresas de primer grado conforme a la Oficina de Desarrollo del Sector Social de la Economía (ODS) son los siguientes:</p><ul><li>Carta Poder otorgada por el Presidente de la Organización o Empresa a favor del Apoderado(a) Legal.</li><li>Copia vigente de carnet de Apoderado Legal.</li><li>Informe de búsqueda de denominación de la Organización o Empresa emitida por la Oficina ODS.</li><li>Certificación de Acta de Constitución de la Organización o Empresa debidamente firmada por el Secretario(a), que incluya la lista de asociados participantes en la Asamblea General de Constitución, la cual deberá contener: Nombre, Número de Documento Nacional de Identificación (DNI), Firma o Huella, y Número de Teléfono Celular. La membresía para la constitución deberá ser con un mínimo de diez asociados.</li><li>Certificación de Acta de aprobación de Estatutos debidamente firmada por el Secretario(a).</li><li>Copia del Documento Nacional de Identificación (DNI) de los asociados, como Anexo.</li><li>Constancia del haber social emitida por una institución financiera (Banco o Cooperativa), o Balance General inicial firmado por un Perito Mercantil debidamente colegiado. De acuerdo al artículo 9 del reglamento de la Ley del SSE para todas las Organizaciones o Empresas de Primer Grado el haber social mínimo será de MIL LEMPIRAS EXACTOS (L. 1, 000.00) exceptuando las Cajas de Ahorro y crédito quienes deberán acreditar un haber social mínimo de CINCO MIL LEMPIRAS EXACTOS (L. 5,000.00).</li><li>Las firmas puestas en los literales a), c), d) y h) podrán ir en un solo Certificado de Autenticidad de conformidad a los artículos 40 y 41 del Reglamento del Código del Notariado.</li><li>Presentar Declaración Jurada donde se le dé cumplimiento a los Estatutos mismos que establecen que para ser miembro de la Junta Directiva no podrá ser conyugue o pariente entre sí con miembros del órgano de Fiscalización y con el Gerente dentro del cuarto grado de consanguinidad y segundo de afinidad. \"Firmada por el Presidente de la Junta Directiva\".</li></ul><p><b>Por lo anteriormente relacionado:&nbsp;</b>Después del análisis realizado al expediente de mérito, es procedente lo siguiente:</p><ol><li>Que la<b>&nbsp;“EMPRESA DE SERVICIOS MÚLTIPLES LAS MERCEDES EL TABOR”&nbsp;</b>, se establece como una organización del Sector Social de la Economía de<b>&nbsp;PRIMER GRADO&nbsp;</b>Y DE RESPONSABILIDAD LIMITADA, por estar constituida con&nbsp; Treinta y Tres (33) miembros debidamente inscritos, integrada con un Haber Social de L. 1000.00) exactos y cuya denominación social, es distinta a las demás empresas registradas en la Oficina de Desarrollo Social de la Economía.</li><li>Con base a todo lo anteriormente relacionado y analizado, el Análista Júridico en representación de la unidad de Formalización del sector social de la economía de SENPRENDE se pronuncia FAVORABLEMENTE en cuanto a lo solicitado, que se proceda a emitir resolución que en derecho corresponda para el otorgamiento de la<b>&nbsp;SE SOLICITA EL OTORGAMIENTO DE LA PERSONERIA JURIDICA, APROBACION DEL ACTA DE CONSTITUCION Y DE ESTATUTOS, INSCRIPCION EN EL REGISTRO DE EMPRESAS DEL SECTOR SOCIAL DE LA ECONOMIA; SE EMITA LA CONSTANCIA DE CUERPOS DIRECTIVOS, ASI COMO LA CONSTANCIA DE INSCRIPCION EN EL REGISTRO DE EMPRESAS DEL SECTOR SOCIAL DE LA ECONOMIA, APROBACION DEL ACTA DE CONSTITUCION Y DE ESTATUTOS Y CERTIFICACION DE LA PERSONERIA JURIDICA.- SE PRESENTAN DOCUMENTOS.- SE PRESENTA PODER.-&nbsp;</b>con domicilio en ALDEA MONTE VERDE , Municipio de SAN FRANCISCO DE OPALACA, Departamento de INTIBUCA. Su radio de acción será en todo el país.</li><li>Remítanse las presentes diligencias a la Sub Directora de Formalización a efecto de que proceda a emitir la correspondiente Resolución. Constando de Noventa y Siete (97) folios útiles.</li></ol><h3 style=\"text-align:center;text-transform:uppercase\">Fundamentos de derecho</h3><p>Artículos 78 80, 90,255 numeral 40) 321, 323 y 328 330,332 al 333 de la Constitución de la República; 1, 7, 41, 42, 116, 120 de la Ley General de la Administración Pública; 55, 56, 57, 60 inciso b), 61 y 62 de la Ley de Procedimiento Administrativo; Ley del Sector Social de la Economía y su Reglamento; 1, 3, 6,7,13,14,30,59,60,66,69, 72, 150 y 151 de la Ley de Procedimiento Administrativo; y en aplicación de los Artículos: del Decreto No. 193-85 y Acuerdos Ejecutivos números 254-97 y 187-2000; 1, 7, 8, 14 y 15 31,32 y 40 de la Ley del Sector Social de la Economía; 1 literales a), d), f), 4, 6, 7, 8,9, 13, 14, 15, 30, 31,41, 43, 47, 48 literal k) y 60 literales a) y b), 69 del Reglamento de la Ley del Sector Social de la Economía; y Decreto Ejecutivo No. PCM-006-2001 del 13 de agosto del 2001, y, 1, 2, 5 y 6 del Decreto Ejecutivo No. PCM-034-2019, Acuerdo de Delegación 14-2022; de la Ley de simplificación Administrativa 1,2 y demás que conforme a Derecho apliquen.</p><div style=\"text-align:center;margin-top:5rem\"><p><b>ABG. SERGIO ALFONSO HUETE BARAHONA</b></p>Analista de Formalizacion \\ SENPRENDE</div><div style=\"margin-top:5rem;text-align:center\"><img src=\"data:image/png;base64,iVBORw0KGgoAAAANSUhEUgAAAMQAAADECAYAAADApo5rAAAAAklEQVR4AewaftIAAAjMSURBVO3BQY4kx7IgQdVA3f/KOo2/cNjKMYHMapIPJmJ/sNb6Pw9rreNhrXU8rLWOh7XW8bDWOh7WWsfDWut4WGsdD2ut42GtdTystY6HtdbxsNY6HtZax8Na6/jhQyp/U8WkMlVMKlPFpPJGxaTyRsUbKlPFGypTxaQyVXyTyt9U8YmHtdbxsNY6HtZaxw9fVvFNKjcVk8pUMam8UfGJikllqrip+ETFTcWNyhsVNxXfpPJND2ut42GtdTystY4ffpnKGxWfqJhUpopJ5UblpuKNiknlpmJSmSomlaniDZWpYlKZKj6h8kbFb3pYax0Pa63jYa11/PAfp3JT8UbFpHKj8omKSWVSeaNiUln//x7WWsfDWut4WGsdP/yPU7mpmFSmiknlExWTyjepfKJiUpkq/pc9rLWOh7XW8bDWOn74ZRX/pIpJZVK5UZkqJpWbikllqphUbiomlZuKG5VJ5UZlqvhExb/Jw1rreFhrHQ9rreOHL1P5J1VMKlPFpDJVTCpvVEwqU8WkMlVMKm9UTCpTxU3FpDJVTCpTxY3Kv9nDWut4WGsdD2ut44cPVfyXVXyiYlKZKm4qJpXfpDJVTCrfVPFf8rDWOh7WWsfDWuv44UMqU8UbKlPFpPKJin+SylQxqfymiknljYqbiknlmypuVKaKTzystY6HtdbxsNY67A/+IpWbijdU3qiYVKaKSeWmYlK5qfiEylQxqXyi4ptUPlHxNz2stY6HtdbxsNY6fviQylQxqXxC5RMVk8qNyicqJpU3VKaKG5WpYlK5qZhUbiomlanijYpPqEwVn3hYax0Pa63jYa11/PBlKlPFpDJV3FS8ofJGxY3KVHGj8m9WMancVEwqNypTxRsqU8Xf9LDWOh7WWsfDWuv44csqJpUblb+pYlKZKqaKT1R8QmWqmFRuKr6p4g2VqeKm4p/0sNY6HtZax8Na6/jhy1SmijdUpopJ5TepTBWTyidUbiomlZuKG5WpYqq4UbmpmFRuVN6o+Jse1lrHw1rreFhrHT/8y1RMKjcVn6iYVG4qJpU3KiaVm4pPVEwqU8VNxTdV3Kj8kx7WWsfDWut4WGsd9ge/SGWquFGZKm5U3qiYVKaKN1TeqLhRmSpuVKaKG5VvqvgnqUwVn3hYax0Pa63jYa11/PAhlU+oTBWTylQxVXyTylRxUzGp3Ki8oXJT8UbFpPI3qUwVk8pU8Tc9rLWOh7XW8bDWOn74UMWkMlXcVEwqU8UbKjcVNxWTylQxqUwVn1D5hMpNxRsVk8qNyhsqU8U/6WGtdTystY6HtdZhf/APUnmjYlK5qZhUpopJ5ZsqvkllqnhDZaq4UZkqJpWpYlK5qbhRmSomlaniEw9rreNhrXU8rLWOHz6k8kbFVDGpTBXfVDGpTBWTyk3FpDKpTBWTylQxqUwVk8pUMalMFZPKVDFVfKJiUrlRmSomld/0sNY6HtZax8Na67A/+EUqNxWTyk3FpPJGxY3KVHGjMlVMKjcVNyo3FZPKGxWfULmpmFSmin+Th7XW8bDWOh7WWof9wS9SmSomlaniRmWqmFQ+UXGj8kbFN6lMFW+o3FRMKlPFpDJVTCpTxaQyVUwqU8WkMlV84mGtdTystY6HtdZhf/ABlanim1SmijdUpopPqEwVNypTxY3KVDGpfFPF36QyVXxCZar4xMNa63hYax0Pa63jh79M5Y2KG5WpYqqYVKaKT6i8ofKGylQxqUwVNyo3KjcVk8pU8QmVqeKm4pse1lrHw1rreFhrHT/8MpWpYlKZKiaV36QyVbxRMalMFZPKJ1Q+UTGp3FS8oTJVTBU3Ff+kh7XW8bDWOh7WWscP/zIqU8WkMlVMKjcVk8qNylQxqUwVk8pU8QmVqeINlTdUpoqbiknljYpJ5Y2KTzystY6HtdbxsNY6fvhlFZPKVHGjcqMyVUwqk8obFZPKjcpU8QmVN1Q+UTGpvKFyUzGp3FTcqHzTw1rreFhrHQ9rrcP+4C9SmSreUJkqPqHymyomlU9U/CaVT1RMKlPFpHJT8Tc9rLWOh7XW8bDWOn74kMpNxSdUpooblanijYo3VN6omFT+JpWp4qbiRmVSmSpuKv5NHtZax8Na63hYax32Bx9Q+aaKG5VPVEwq31RxozJVfELlpuJGZaqYVKaKT6jcVLyhMlV84mGtdTystY6Htdbxw4cqvknlpuITKp+omFRuVN5QmSomlZuKT6jcqLxRcVMxqdxU/KaHtdbxsNY6HtZah/3BL1K5qZhUpopJZaqYVG4qPqHyRsWk8k0VNypTxY3KVHGjclNxo3JTMalMFd/0sNY6HtZax8Na6/jhQypvVEwqU8WkMlX8TSqfUJkqblSmihuVqWKqmFSmiqnim1S+qeI3Pay1joe11vGw1jrsD/7DVG4q3lCZKiaVNyomlaniRuWm4hMqU8UbKlPFGypTxaTyRsUnHtZax8Na63hYax0/fEjlb6r4m1TeqJhUpooblU+ovFExqUwVk8obKlPFGxU3Kt/0sNY6HtZax8Na6/jhyyq+SeWmYlJ5Q+Wm4hMVk8pUcVNxo3JT8QmVqWJSuan4L3lYax0Pa63jYa11/PDLVN6oeENlqrhRmSomlUnlpuITKlPF36QyVUwqk8qNyt9U8U0Pa63jYa11PKy1jh/+4yomlanijYpJZap4Q2WqeEPlEyqfqPgmlaniRuWm4pse1lrHw1rreFhrHT/8j1OZKiaVm4pJZaqYVKaKG5WbikllqnhDZaqYVG4qblSmiqniRuWmYlKZKj7xsNY6HtZax8Na6/jhl1X8TRWTyqTyiYpJ5UZlqpgqJpU3VKaKm4pJ5RMqNyo3FVPFjcpvelhrHQ9rreNhrXX88GUqf5PKVDFV3KhMFTcqNxVvqLxR8U0Vk8o3VUwqk8pNxU3FNz2stY6HtdbxsNY67A/WWv/nYa11PKy1joe11vGw1joe1lrHw1rreFhrHQ9rreNhrXU8rLWOh7XW8bDWOh7WWsfDWut4WGsd/w8x+qu4+eP/owAAAABJRU5ErkJggg==\" style=\"width:128px;height:128px;margin:0 auto;display:block\"><small>*Escanea el documento para verificar su validez*</small></div></div></td></tr></tbody><tfoot><tr><td style=\"text-align:center;height:100px\">&nbsp;</td></tr></tfoot></table><footer style=\"text-align:center\"><p>Boulevard Juan Pablo II, Centro Cívico Gubernamental, Torre 2, Niveles Nº 12 y Nº 21, Tegucigalpa.</p><small>UPEG.R.01 | Revisión 08 | mayo del 2023</small></footer></main></body></html>'),(61,2,'{\"pageMargins\":[61,90,61,80],\"header\":{\"stack\":[{\"text\":\"Referencia: 1722634338135\",\"alignment\":\"right\",\"margin\":[4,4],\"font\":\"Arial\",\"fontSize\":10},{\"columns\":[{\"image\":\"public/images/logo_honduras_emprende_solidaria.jpg\",\"width\":118,\"height\":48,\"opacity\":0.55,\"alignment\":\"left\"},{\"width\":\"*\",\"text\":\"\"},{\"columns\":[{\"width\":\"*\",\"text\":\"\"},{\"image\":\"public/images/gob_logo.png\",\"width\":48,\"height\":43,\"marginRight\":2,\"opacity\":0.6},{\"image\":\"public/images/logo_senprende.jpg\",\"width\":87,\"height\":42,\"opacity\":0.55}],\"alignment\":\"right\"}],\"marginLeft\":61,\"marginRight\":61,\"marginTop\":31}]},\"content\":[{\"text\":\"SERVICIO NACIONAL DE EMPRENDIMIENTO Y DE PEQUEÑOS NEGOCIOS\",\"bold\":true,\"fontSize\":14,\"alignment\":\"center\",\"margin\":[0,30,0,26]},{\"text\":\"SENPRENDE \\nSUBDIRECCIÓN DE FORMALIZACIÓN\\nINFORME DE DENOMINACIÓN\",\"bold\":true,\"fontSize\":12,\"alignment\":\"center\"},{\"text\":[\"La Sub Dirección de Formalización, INFORMA: Que, en los libros de registro de las empresas y organizaciones del Sector Social de la Economía, NO SE ENCUENTRA REGISTRADA la \",{\"text\":\"“ASOCIACIÓN GUANGOLOLO STORE”\",\"bold\":true},\"con domicilio en EL CASERIO HACDA. ALTAMIRA, ALDEA BIJAGUAL, MUNICIPIO DE JUTICALPA, DEPARTAMENTO DE OLANCHO, cuya actividad principal y única será PRODUCCIÓN, INDUSTRIALIZACIÓN, TRANSFORMACIÓN Y COMERCIALIZACIÓN DE UN PRODUCTO O MATERIA PRIMA. en virtud de lo anterior es procedente continuar el trámite de la personeria jurídica bajo dicha denominación, conforme a lo establecido en el Artículo 72 de la Ley de Procedimiento Administrativo y Artículo 8 del Reglamento de la Ley del Sector Social de la Economía. Dicha Constancia tendrá vigencia por un período de sesenta días a partir de la fecha.\",{\"text\":[\"\\n\\nDado en la ciudad de Tegucigalpa M.D.C, 24/07/2024.\"],\"marginTop\":15}],\"marginTop\":20,\"lineHeight\":1,\"alignment\":\"justify\"},{\"canvas\":[{\"type\":\"line\",\"x1\":0,\"y1\":0,\"x2\":280,\"y2\":0,\"lineWidth\":0.8}],\"alignment\":\"center\",\"marginTop\":130},{\"text\":\"LIC. ROSA ANGELICA FAJARDO BONILLA\\nSUBDIRECTORA DE FORMALIZACION\",\"marginTop\":15,\"alignment\":\"center\"},{\"image\":\"public/images/firma.png\",\"width\":170,\"alignment\":\"center\",\"opacity\":0.9,\"absolutePosition\":{\"x\":85,\"y\":475}},{\"stack\":[{\"qr\":\"https://devsse.senprende.hn/\",\"fit\":97,\"alignment\":\"center\",\"marginTop\":68},{\"text\":\"*Escanea el documento para verificar su validez*\",\"alignment\":\"center\",\"fontSize\":10,\"marginTop\":10}]}],\"footer\":{\"stack\":[{\"image\":\"public/images/footer_logos.jpg\",\"alignment\":\"center\",\"width\":450,\"opacity\":0.5,\"margin\":[0,0]},{\"text\":\"Boulevard Juan Pablo II, Centro Cívico Gubernamental, Torre 2, Niveles Nº 12 y Nº 21 Tegucigalpa. \\nUPEG.R.01 | Revisión 10 | julio del 2024\",\"alignment\":\"center\",\"lineHeight\":1.1,\"fontSize\":9,\"color\":\"gray\",\"bold\":true,\"marginTop\":5}]},\"defaultStyle\":{\"font\":\"Arial\"},\"pageSize\":\"LEGAL\",\"background\":[{\"image\":\"public/images/water_mark_blank_new.jpg\",\"width\":612,\"height\":1008.126}]}'),(62,2,'{\"pageMargins\":[61,90,61,80],\"header\":{\"stack\":[{\"text\":\"Referencia: 1722634577127\",\"alignment\":\"right\",\"margin\":[4,4],\"font\":\"Arial\",\"fontSize\":10},{\"columns\":[{\"image\":\"public/images/logo_honduras_emprende_solidaria.jpg\",\"width\":118,\"height\":48,\"opacity\":0.55,\"alignment\":\"left\"},{\"width\":\"*\",\"text\":\"\"},{\"columns\":[{\"width\":\"*\",\"text\":\"\"},{\"image\":\"public/images/gob_logo.png\",\"width\":48,\"height\":43,\"marginRight\":2,\"opacity\":0.6},{\"image\":\"public/images/logo_senprende.jpg\",\"width\":87,\"height\":42,\"opacity\":0.55}],\"alignment\":\"right\"}],\"marginLeft\":61,\"marginRight\":61,\"marginTop\":15}]},\"content\":[{\"text\":\"SERVICIO NACIONAL DE EMPRENDIMIENTO Y DE PEQUEÑOS NEGOCIOS\",\"bold\":true,\"fontSize\":14,\"alignment\":\"center\",\"margin\":[0,30,0,26]},{\"text\":\"SENPRENDE \\nSUBDIRECCIÓN DE FORMALIZACIÓN\\nINFORME DE DENOMINACIÓN\",\"bold\":true,\"fontSize\":12,\"alignment\":\"center\"},{\"text\":[\"La Sub Dirección de Formalización, INFORMA: Que, en los libros de registro de las empresas y organizaciones del Sector Social de la Economía, NO SE ENCUENTRA REGISTRADA la \",{\"text\":\"“ASOCIACIÓN GUANGOLOLO STORE”\",\"bold\":true},\"con domicilio en EL CASERIO HACDA. ALTAMIRA, ALDEA BIJAGUAL, MUNICIPIO DE JUTICALPA, DEPARTAMENTO DE OLANCHO, cuya actividad principal y única será PRODUCCIÓN, INDUSTRIALIZACIÓN, TRANSFORMACIÓN Y COMERCIALIZACIÓN DE UN PRODUCTO O MATERIA PRIMA. en virtud de lo anterior es procedente continuar el trámite de la personeria jurídica bajo dicha denominación, conforme a lo establecido en el Artículo 72 de la Ley de Procedimiento Administrativo y Artículo 8 del Reglamento de la Ley del Sector Social de la Economía. Dicha Constancia tendrá vigencia por un período de sesenta días a partir de la fecha.\",{\"text\":[\"\\n\\nDado en la ciudad de Tegucigalpa M.D.C, 24/07/2024.\"],\"marginTop\":15}],\"marginTop\":20,\"lineHeight\":1,\"alignment\":\"justify\"},{\"canvas\":[{\"type\":\"line\",\"x1\":0,\"y1\":0,\"x2\":280,\"y2\":0,\"lineWidth\":0.8}],\"alignment\":\"center\",\"marginTop\":130},{\"text\":\"LIC. ROSA ANGELICA FAJARDO BONILLA\\nSUBDIRECTORA DE FORMALIZACION\",\"marginTop\":15,\"alignment\":\"center\"},{\"image\":\"public/images/firma.png\",\"width\":170,\"alignment\":\"center\",\"opacity\":0.9,\"absolutePosition\":{\"x\":85,\"y\":475}},{\"stack\":[{\"qr\":\"https://devsse.senprende.hn/\",\"fit\":97,\"alignment\":\"center\",\"marginTop\":68},{\"text\":\"*Escanea el documento para verificar su validez*\",\"alignment\":\"center\",\"fontSize\":10,\"marginTop\":10}]}],\"footer\":{\"stack\":[{\"image\":\"public/images/footer_logos.jpg\",\"alignment\":\"center\",\"width\":450,\"opacity\":0.5,\"margin\":[0,0]},{\"text\":\"Boulevard Juan Pablo II, Centro Cívico Gubernamental, Torre 2, Niveles Nº 12 y Nº 21 Tegucigalpa. \\nUPEG.R.01 | Revisión 10 | julio del 2024\",\"alignment\":\"center\",\"lineHeight\":1.1,\"fontSize\":9,\"color\":\"gray\",\"bold\":true,\"marginTop\":5}]},\"defaultStyle\":{\"font\":\"Arial\"},\"pageSize\":\"LEGAL\",\"background\":[{\"image\":\"public/images/water_mark_blank_new.jpg\",\"width\":612,\"height\":1008.126}]}'),(63,2,'{\"pageMargins\":[61,90,61,80],\"header\":{\"stack\":[{\"text\":\"Referencia: 1722634720949\",\"alignment\":\"right\",\"margin\":[4,4],\"font\":\"Arial\",\"fontSize\":10},{\"columns\":[{\"image\":\"public/images/logo_honduras_emprende_solidaria.jpg\",\"width\":118,\"height\":48,\"opacity\":0.55,\"alignment\":\"left\"},{\"width\":\"*\",\"text\":\"\"},{\"columns\":[{\"width\":\"*\",\"text\":\"\"},{\"image\":\"public/images/gob_logo.png\",\"width\":48,\"height\":43,\"marginRight\":2,\"opacity\":0.6},{\"image\":\"public/images/logo_senprende.jpg\",\"width\":87,\"height\":42,\"opacity\":0.55}],\"alignment\":\"right\"}],\"marginLeft\":61,\"marginRight\":61,\"marginTop\":15}]},\"content\":[{\"text\":\"SERVICIO NACIONAL DE EMPRENDIMIENTO Y DE PEQUEÑOS NEGOCIOS\",\"bold\":true,\"fontSize\":14,\"alignment\":\"center\",\"margin\":[0,30,0,26]},{\"text\":\"SENPRENDE \\nSUBDIRECCIÓN DE FORMALIZACIÓN\\nINFORME DE DENOMINACIÓN\",\"bold\":true,\"fontSize\":12,\"alignment\":\"center\"},{\"text\":[\"La Sub Dirección de Formalización, INFORMA: Que, en los libros de registro de las empresas y organizaciones del Sector Social de la Economía, NO SE ENCUENTRA REGISTRADA la \",{\"text\":\"“ASOCIACIÓN GUANGOLOLO STORE”\",\"bold\":true},\"con domicilio en EL CASERIO HACDA. ALTAMIRA, ALDEA BIJAGUAL, MUNICIPIO DE JUTICALPA, DEPARTAMENTO DE OLANCHO, cuya actividad principal y única será PRODUCCIÓN, INDUSTRIALIZACIÓN, TRANSFORMACIÓN Y COMERCIALIZACIÓN DE UN PRODUCTO O MATERIA PRIMA. en virtud de lo anterior es procedente continuar el trámite de la personeria jurídica bajo dicha denominación, conforme a lo establecido en el Artículo 72 de la Ley de Procedimiento Administrativo y Artículo 8 del Reglamento de la Ley del Sector Social de la Economía. Dicha Constancia tendrá vigencia por un período de sesenta días a partir de la fecha.\",{\"text\":[\"\\n\\nDado en la ciudad de Tegucigalpa M.D.C, 24/07/2024.\"],\"marginTop\":15}],\"marginTop\":20,\"lineHeight\":1,\"alignment\":\"justify\"},{\"canvas\":[{\"type\":\"line\",\"x1\":0,\"y1\":0,\"x2\":280,\"y2\":0,\"lineWidth\":0.8}],\"alignment\":\"center\",\"marginTop\":130},{\"text\":\"LIC. ROSA ANGELICA FAJARDO BONILLA\\nSUBDIRECTORA DE FORMALIZACION\",\"marginTop\":15,\"alignment\":\"center\"},{\"image\":\"public/images/firma.png\",\"width\":170,\"alignment\":\"center\",\"opacity\":0.9,\"absolutePosition\":{\"x\":85,\"y\":475}},{\"stack\":[{\"qr\":\"https://devsse.senprende.hn/\",\"fit\":97,\"alignment\":\"center\",\"marginTop\":68},{\"text\":\"*Escanea el documento para verificar su validez*\",\"alignment\":\"center\",\"fontSize\":10,\"marginTop\":10}]}],\"footer\":{\"stack\":[{\"image\":\"public/images/footer_logos.jpg\",\"alignment\":\"center\",\"width\":450,\"opacity\":0.5,\"margin\":[0,0]},{\"text\":\"Boulevard Juan Pablo II, Centro Cívico Gubernamental, Torre 2, Niveles Nº 12 y Nº 21 Tegucigalpa. \\nUPEG.R.01 | Revisión 10 | julio del 2024\",\"alignment\":\"center\",\"lineHeight\":1.1,\"fontSize\":9,\"color\":\"gray\",\"bold\":true,\"marginTop\":5}]},\"defaultStyle\":{\"font\":\"Arial\"},\"pageSize\":\"LEGAL\",\"background\":[{\"image\":\"public/images/water_mark_blank_new.jpg\",\"width\":612,\"height\":1008.126}]}');
/*!40000 ALTER TABLE `report` ENABLE KEYS */;
UNLOCK TABLES;
/*!40103 SET TIME_ZONE=@OLD_TIME_ZONE */;

/*!40101 SET SQL_MODE=@OLD_SQL_MODE */;
/*!40014 SET FOREIGN_KEY_CHECKS=@OLD_FOREIGN_KEY_CHECKS */;
/*!40014 SET UNIQUE_CHECKS=@OLD_UNIQUE_CHECKS */;
/*!40101 SET CHARACTER_SET_CLIENT=@OLD_CHARACTER_SET_CLIENT */;
/*!40101 SET CHARACTER_SET_RESULTS=@OLD_CHARACTER_SET_RESULTS */;
/*!40101 SET COLLATION_CONNECTION=@OLD_COLLATION_CONNECTION */;
/*!40111 SET SQL_NOTES=@OLD_SQL_NOTES */;

-- Dump completed on 2024-08-02 19:41:31
